user_id,timestamp,action,text
414198461,2025-04-19T19:56:56.144987,start_command
414198461,2025-04-19T19:57:08.126787,message
414198461,2025-04-19T19:57:15.223402,message
414198461,2025-04-19T20:37:47.180155,message
414198461,2025-04-19T20:38:17.651788,message
414198461,2025-04-19T20:38:24.012638,message
414198461,2025-04-19T20:38:41.363301,message
414198461,2025-04-19T20:46:17.959059,message
414198461,2025-04-19T20:46:18.192976,message
414198461,2025-04-19T20:46:28.136376,message
414198461,2025-04-19T20:46:34.822995,message
414198461,2025-04-19T20:46:42.925549,message
414198461,2025-04-19T20:46:55.338126,message
414198461,2025-04-19T20:47:03.877276,message
414198461,2025-04-19T20:47:08.879207,message
414198461,2025-04-19T20:47:15.666177,message
414198461,2025-04-19T20:47:20.082773,message
414198461,2025-04-19T20:47:24.968522,message
414198461,2025-04-19T20:47:30.060292,message
414198461,2025-04-19T20:47:38.401192,message
414198461,2025-04-19T20:47:42.954926,message
414198461,2025-04-19T20:47:46.155115,message
414198461,2025-04-19T20:47:50.278372,message
414198461,2025-04-19T20:48:14.279764,message
414198461,2025-04-19T20:48:23.294994,message
414198461,2025-04-19T20:48:30.578513,message
414198461,2025-04-19T20:48:33.894933,message
414198461,2025-04-19T20:49:15.415805,message
414198461,2025-04-19T20:49:23.701286,message
414198461,2025-04-19T20:49:28.418436,message
414198461,2025-04-19T20:49:30.182101,message
414198461,2025-04-19T20:49:32.064609,message
414198461,2025-04-19T20:49:33.205990,message
414198461,2025-04-19T20:49:34.375936,message
414198461,2025-04-19T20:49:35.291867,message
414198461,2025-04-19T20:49:36.611539,message
414198461,2025-04-19T20:49:38.132331,message
414198461,2025-04-19T20:49:39.049813,message
414198461,2025-04-19T20:49:40.006870,message
414198461,2025-04-19T20:49:41.020462,message
414198461,2025-04-19T20:49:45.304423,message
414198461,2025-04-19T20:49:49.071988,message
414198461,2025-04-19T20:49:53.042980,message
414198461,2025-04-19T20:49:53.854001,message
414198461,2025-04-19T20:49:55.099807,message
414198461,2025-04-19T20:49:57.392652,message
414198461,2025-04-19T20:49:58.196565,message
414198461,2025-04-19T20:50:00.937801,message
414198461,2025-04-19T20:50:04.268261,message
414198461,2025-04-19T20:50:06.387334,message
414198461,2025-04-19T20:50:07.581426,message
414198461,2025-04-19T20:50:08.518184,message
414198461,2025-04-19T20:50:09.563142,message
414198461,2025-04-19T20:50:11.192523,message
414198461,2025-04-19T20:50:15.566950,message
414198461,2025-04-19T20:50:21.533375,message
414198461,2025-04-19T20:50:23.932040,message
414198461,2025-04-19T20:50:29.454796,message
414198461,2025-04-19T20:50:37.456354,message
414198461,2025-04-19T22:12:22.830173,user_message,–ö—É-–∫—É
414198461,2025-04-19T22:12:22.830712,gpt_reply,–û—à–∏–±–∫–∞ –ø—Ä–∏ –æ–±—Ä–∞—â–µ–Ω–∏–∏ –∫ YandexGPT üòî
414198461,2025-04-19T22:15:52.393940,user_message,–ö—É-–∫—É
414198461,2025-04-19T22:15:52.419255,gpt_reply,–û—à–∏–±–∫–∞ –ø—Ä–∏ –æ–±—Ä–∞—â–µ–Ω–∏–∏ –∫ YandexGPT üòî
414198461,2025-04-19T22:30:01.066082,user_message,–ö—É-–∫—É
414198461,2025-04-19T22:30:01.405707,gpt_reply,–ó–¥—Ä–∞–≤—Å—Ç–≤—É–π—Ç–µ! –ß–µ–º –º–æ–≥—É –ø–æ–º–æ—á—å?
414198461,2025-04-19T22:30:18.817893,user_message,"–£—Ä–∞, —è —Ç–∞–∫ —Ä–∞–¥–∞ —Ç–≤–æ–µ–º—É –æ—Ç–≤–µ—Ç—É!"
414198461,2025-04-19T22:30:19.250710,gpt_reply,"–°–ø–∞—Å–∏–±–æ –∑–∞ –≤–∞—à –æ—Ç–∑—ã–≤! –Ø —Ä–∞–¥, —á—Ç–æ —Å–º–æ–≥ –ø–æ–º–æ—á—å. –ï—Å–ª–∏ —É –≤–∞—Å –µ—Å—Ç—å –µ—â—ë –≤–æ–ø—Ä–æ—Å—ã, –æ–±—Ä–∞—â–∞–π—Ç–µ—Å—å!"
414198461,2025-04-19T22:30:34.245295,user_message,–†–∞—Å—Å–∫–∞–∂–∏ –ø—Ä–æ –ª–µ—Ç–æ
414198461,2025-04-19T22:30:37.536863,gpt_reply,"–õ–µ—Ç–æ ‚Äî —ç—Ç–æ –ø—Ä–µ–∫—Ä–∞—Å–Ω–æ–µ –≤—Ä–µ–º—è –≥–æ–¥–∞, –∫–æ—Ç–æ—Ä–æ–µ –∞—Å—Å–æ—Ü–∏–∏—Ä—É–µ—Ç—Å—è —Å —Ç–µ–ø–ª–æ–º, —Å–æ–ª–Ω—Ü–µ–º –∏ —è—Ä–∫–∏–º–∏ –∫—Ä–∞—Å–∫–∞–º–∏ –ø—Ä–∏—Ä–æ–¥—ã. –≠—Ç–æ –ø–µ—Ä–∏–æ–¥, –∫–æ–≥–¥–∞ –¥–Ω–∏ —Å—Ç–∞–Ω–æ–≤—è—Ç—Å—è –¥–ª–∏–Ω–Ω—ã–º–∏, –∞ –Ω–æ—á–∏ –∫–æ—Ä–æ—Ç–∫–∏–º–∏, –∏ –≤—Å—ë –≤–æ–∫—Ä—É–≥ –Ω–∞–ø–æ–ª–Ω—è–µ—Ç—Å—è –∂–∏–∑–Ω—å—é –∏ —ç–Ω–µ—Ä–≥–∏–µ–π.

–õ–µ—Ç–æ —Ä–∞–¥—É–µ—Ç –Ω–∞—Å —Ä–∞–∑–Ω–æ–æ–±—Ä–∞–∑–∏–µ–º —Ñ—Ä—É–∫—Ç–æ–≤ –∏ –æ–≤–æ—â–µ–π, –∫–æ—Ç–æ—Ä—ã–µ —Å–æ–∑—Ä–µ–≤–∞—é—Ç –≤ —ç—Ç–æ –≤—Ä–µ–º—è. –ú–æ–∂–Ω–æ –Ω–∞—Å–ª–∞–∂–¥–∞—Ç—å—Å—è —Å–≤–µ–∂–∏–º–∏ —è–≥–æ–¥–∞–º–∏, –∞—Ä–æ–º–∞—Ç–Ω—ã–º–∏ –ø–µ—Ä—Å–∏–∫–∞–º–∏, —Å–ª–∞–¥–∫–∏–º–∏ –∞—Ä–±—É–∑–∞–º–∏ –∏ —Å–æ—á–Ω—ã–º–∏ –¥—ã–Ω—è–º–∏. –¢–∞–∫–∂–µ –ª–µ—Ç–æ ‚Äî —ç—Ç–æ –≤—Ä–µ–º—è —Ü–≤–µ—Ç–µ–Ω–∏—è –º–Ω–æ–∂–µ—Å—Ç–≤–∞ —Ä–∞—Å—Ç–µ–Ω–∏–π, —á—Ç–æ –ø—Ä–∏–¥–∞—ë—Ç –æ–∫—Ä—É–∂–∞—é—â–µ–π –ø—Ä–∏—Ä–æ–¥–µ –æ—Å–æ–±—É—é –∫—Ä–∞—Å–æ—Ç—É.

–í –ª–µ—Ç–Ω–∏–µ –º–µ—Å—è—Ü—ã –º–Ω–æ–≥–∏–µ –ª—é–¥–∏ –æ—Ç–ø—Ä–∞–≤–ª—è—é—Ç—Å—è –≤ –æ—Ç–ø—É—Å–∫–∞ –∏ –Ω–∞ –¥–∞—á–∏, —á—Ç–æ–±—ã –Ω–∞—Å–ª–∞–¥–∏—Ç—å—Å—è —Ç—ë–ø–ª—ã–º–∏ –¥–µ–Ω—å–∫–∞–º–∏ –Ω–∞ —Å–≤–µ–∂–µ–º –≤–æ–∑–¥—É—Ö–µ. –ö—É–ø–∞–Ω–∏–µ –≤ –º–æ—Ä–µ, —Ä–µ–∫–µ –∏–ª–∏ –æ–∑–µ—Ä–µ, –¥–æ–ª–≥–∏–µ –ø—Ä–æ–≥—É–ª–∫–∏ –ø–æ –ø–∞—Ä–∫–∞–º –∏ –ª–µ—Å–∞–º, –ø–∏–∫–Ω–∏–∫–∏ –∏ –≤–µ—á–µ—Ä–Ω–∏–µ –ø–æ—Å–∏–¥–µ–ª–∫–∏ —É –∫–æ—Å—Ç—Ä–∞ ‚Äî –≤—Å—ë —ç—Ç–æ –¥–µ–ª–∞–µ—Ç –ª–µ—Ç–æ –Ω–µ–∑–∞–±—ã–≤–∞–µ–º—ã–º.

–ö—Ä–æ–º–µ —Ç–æ–≥–æ, –ª–µ—Ç–æ ‚Äî —ç—Ç–æ –≤—Ä–µ–º—è, –∫–æ–≥–¥–∞ –º–æ–∂–Ω–æ –∑–∞–Ω—è—Ç—å—Å—è —Ä–∞–∑–ª–∏—á–Ω—ã–º–∏ –≤–∏–¥–∞–º–∏ —Å–ø–æ—Ä—Ç–∞ –∏ –∞–∫—Ç–∏–≤–Ω–æ–≥–æ –æ—Ç–¥—ã—Ö–∞. –í–µ–ª–æ—Å–∏–ø–µ–¥–Ω—ã–µ –ø—Ä–æ–≥—É–ª–∫–∏, –ø–ª—è–∂–Ω—ã–π –≤–æ–ª–µ–π–±–æ–ª, –ø–ª–∞–≤–∞–Ω–∏–µ, –±–µ–≥ –∏ –º–Ω–æ–≥–æ–µ –¥—Ä—É–≥–æ–µ –ø–æ–º–æ–≥–∞—é—Ç –ø–æ–¥–¥–µ—Ä–∂–∏–≤–∞—Ç—å —Ö–æ—Ä–æ—à—É—é —Ñ–∏–∑–∏—á–µ—Å–∫—É—é —Ñ–æ—Ä–º—É –∏ –ø–æ–ª—É—á–∞—Ç—å –º–∞—Å—Å—É –ø–æ–ª–æ–∂–∏—Ç–µ–ª—å–Ω—ã—Ö —ç–º–æ—Ü–∏–π.

–¢–∞–∫–∂–µ –ª–µ—Ç–æ"
414198461,2025-04-19T22:30:58.817474,user_message,"–ö–∞–∂–µ—Ç—Å—è, —Ç—ã –Ω–µ –¥–æ–ø–∏—Å–∞–ª)"
414198461,2025-04-19T22:30:59.182797,gpt_reply,"–ü–æ–∂–∞–ª—É–π—Å—Ç–∞, —É—Ç–æ—á–Ω–∏—Ç–µ –∑–∞–ø—Ä–æ—Å. –ß—Ç–æ –Ω—É–∂–Ω–æ –¥–æ–ø–∏—Å–∞—Ç—å?"
414198461,2025-04-19T22:31:18.252758,user_message,"""–¢–∞–∫–∂–µ –ª–µ—Ç–æ"" - –¥–∞–ª—å—à–µ —Ç–æ —á—Ç–æ?"
414198461,2025-04-19T22:31:18.791495,gpt_reply,"¬´–¢–∞–∫–∂–µ –ª–µ—Ç–æ¬ª ‚Äî —ç—Ç–æ –Ω–∞—á–∞–ª–æ –ø—Ä–µ–¥–ª–æ–∂–µ–Ω–∏—è –∏–ª–∏ —á–∞—Å—Ç–∏ —Ç–µ–∫—Å—Ç–∞. –ß—Ç–æ–±—ã –ø–æ–Ω—è—Ç—å, —á—Ç–æ —Å–ª–µ–¥—É–µ—Ç –¥–∞–ª—å—à–µ, –Ω—É–∂–µ–Ω –∫–æ–Ω—Ç–µ–∫—Å—Ç. –ü–æ–∂–∞–ª—É–π—Å—Ç–∞, –¥–æ–ø–æ–ª–Ω–∏—Ç–µ –∑–∞–ø—Ä–æ—Å."
414198461,2025-04-19T22:31:49.428308,user_message,–ù—É—É—É—É –≤–æ—Ç. –¢—ã –∑–∞–±—ã–ª —Å–≤–æ—ë —Å–æ–±—Å—Ç–≤–µ–Ω–Ω–æ–µ –ø—Ä–µ–¥–ª–æ–∂–µ–Ω–∏–µ
414198461,2025-04-19T22:31:49.730094,gpt_reply,"–£—Ç–æ—á–Ω–∏—Ç–µ, –ø–æ–∂–∞–ª—É–π—Å—Ç–∞, –∫–∞–∫–æ–µ –∏–º–µ–Ω–Ω–æ –ø—Ä–µ–¥–ª–æ–∂–µ–Ω–∏–µ —è –∑–∞–±—ã–ª?"
414198461,2025-04-19T22:32:03.923372,user_message,–ó–∞–±—ã–ª. –ê —Ç–µ–ø–µ—Ä—å –∑–∞–±–µ–π)
414198461,2025-04-19T22:32:04.287028,gpt_reply,"–•–æ—Ä–æ—à–æ, —è –≥–æ—Ç–æ–≤–∞ –ø–æ–º–æ—á—å. –ü–æ–∂–∞–ª—É–π—Å—Ç–∞, —É—Ç–æ—á–Ω–∏—Ç–µ –≤–∞—à –∑–∞–ø—Ä–æ—Å."
414198461,2025-04-19T22:32:13.062332,user_message,–ö–∞–∫ –¥–µ–Ω—å?
414198461,2025-04-19T22:32:13.393116,gpt_reply,"–ö–∞–∫ –¥–µ–Ω—å? –û—Ç–ª–∏—á–Ω–æ, —Å–ø–∞—Å–∏–±–æ! –ê —É –≤–∞—Å?"
414198461,2025-04-19T22:32:28.022740,user_message,–û—Ç–ª–∏—á–Ω–æ! –ê —É —Ç–µ–±—è?
414198461,2025-04-19T22:32:28.346069,gpt_reply,"–£ –º–µ–Ω—è –≤—Å—ë —Ö–æ—Ä–æ—à–æ, —Å–ø–∞—Å–∏–±–æ! –ß–µ–º –º–æ–≥—É –ø–æ–º–æ—á—å?"
414198461,2025-04-19T22:32:36.482273,user_message,–ü–æ–≥–æ–≤–æ—Ä–∏ —Å–æ –º–Ω–æ–π
414198461,2025-04-19T22:32:36.920949,gpt_reply,–° —É–¥–æ–≤–æ–ª—å—Å—Ç–≤–∏–µ–º –ø–æ–≥–æ–≤–æ—Ä—é —Å –≤–∞–º–∏! –û —á—ë–º –±—ã –≤—ã —Ö–æ—Ç–µ–ª–∏ –ø–æ–±–µ—Å–µ–¥–æ–≤–∞—Ç—å?
414198461,2025-04-19T22:33:05.847020,user_message,"–î–∞ –æ —á–µ–º —É–≥–æ–¥–Ω–æ. –¢—ã —É–∂–µ 6 –∏–ª–∏ 7 –º–æ–π –±–æ—Ç, –Ω–æ –ø–µ—Ä–≤—ã–π, –∫–æ—Ç–æ—Ä—ã–π –æ—Ç–≤–µ—á–∞–µ—Ç))"
414198461,2025-04-19T22:33:06.180239,gpt_reply,–†–∞–¥ –±—ã—Ç—å –ø–æ–ª–µ–∑–Ω—ã–º! –ß–µ–º –º–æ–≥—É –ø–æ–º–æ—á—å?
414198461,2025-04-19T22:33:29.243628,user_message,–°–∫–æ–ª—å–∫–æ –±—É–¥–µ—Ç 5 –Ω–∞ 5
414198461,2025-04-19T22:33:29.620669,gpt_reply,5 –Ω–∞ 5 —Ä–∞–≤–Ω–æ 25.
414198461,2025-04-19T22:33:50.484937,user_message,"–•–æ—Ä–æ—à–æ, –∞ –∫—Ç–æ —É–±–∏–ª –ö—ç–Ω–Ω–µ–¥–∏?"
414198461,2025-04-19T22:33:50.795016,gpt_reply,–õ–∏ –•–∞—Ä–≤–∏ –û—Å–≤–∞–ª—å–¥.
414198461,2025-04-19T22:33:58.378973,user_message,–¢—ã –ª–∞–∫–æ–Ω–∏—á–µ–Ω
414198461,2025-04-19T22:33:58.646563,gpt_reply,"–•–æ—Ä–æ—à–æ, –ø–æ—Å—Ç–∞—Ä–∞—é—Å—å –±—ã—Ç—å –ª–∞–∫–æ–Ω–∏—á–Ω—ã–º."
414198461,2025-04-19T22:34:12.269511,user_message,–ê –∫—Ç–æ —É–±–∏–ª –ù–æ–∫–∏—é?
414198461,2025-04-19T22:34:12.878112,gpt_reply,"–í–æ–ø—Ä–æ—Å ¬´–ö—Ç–æ —É–±–∏–ª –ù–æ–∫–∏—é?¬ª –Ω–µ –∏–º–µ–µ—Ç –æ–¥–Ω–æ–∑–Ω–∞—á–Ω–æ–≥–æ –æ—Ç–≤–µ—Ç–∞, –ø–æ—Å–∫–æ–ª—å–∫—É —è–≤–ª—è–µ—Ç—Å—è –º–µ—Ç–∞—Ñ–æ—Ä–∏—á–µ—Å–∫–∏–º –∏–ª–∏ –∏—Ä–æ–Ω–∏—á–Ω—ã–º –≤—ã—Ä–∞–∂–µ–Ω–∏–µ–º.

–ï—Å–ª–∏ –≤—ã –∏–º–µ–ª–∏ –≤ –≤–∏–¥—É –∫–æ–Ω–∫—Ä–µ—Ç–Ω—ã–π –∫–æ–Ω—Ç–µ–∫—Å—Ç, –ø–æ–∂–∞–ª—É–π—Å—Ç–∞, —É—Ç–æ—á–Ω–∏—Ç–µ –∑–∞–ø—Ä–æ—Å, –∏ —è –ø–æ—Å—Ç–∞—Ä–∞—é—Å—å –ø–æ–º–æ—á—å."
414198461,2025-04-19T22:34:29.146127,user_message,–î—É—à–Ω–∏–ª–∞)
414198461,2025-04-19T22:34:29.502805,gpt_reply,"–£—Ç–æ—á–Ω–∏—Ç–µ, –ø–æ–∂–∞–ª—É–π—Å—Ç–∞, –≤–∞—à –≤–æ–ø—Ä–æ—Å. –ß—Ç–æ –Ω—É–∂–Ω–æ —Å–¥–µ–ª–∞—Ç—å —Å —ç—Ç–∏–º —Å–ª–æ–≤–æ–º?"
414198461,2025-04-20T09:25:06.229276,user_message,–ü—Ä–∏–≤–µ—Ç. –†–∞–±–æ—Ç–∞–µ—à—å?
414198461,2025-04-20T09:25:06.605858,gpt_reply,"–ü—Ä–∏–≤–µ—Ç! –î–∞, —è —Ä–∞–±–æ—Ç–∞—é. –ß–µ–º –º–æ–≥—É –ø–æ–º–æ—á—å?"
414198461,2025-04-20T09:25:13.573826,user_message,–•–æ—Ä–æ—à–æ)
414198461,2025-04-20T09:25:13.893789,gpt_reply,"–£—Ç–æ—á–Ω–∏—Ç–µ, –ø–æ–∂–∞–ª—É–π—Å—Ç–∞, –≤–∞—à –≤–æ–ø—Ä–æ—Å. –ß—Ç–æ –Ω—É–∂–Ω–æ —Å–¥–µ–ª–∞—Ç—å?"
1197650913,2025-04-20T09:32:54.650942,start,
1029765315,2025-04-20T09:33:11.985087,start,
1029765315,2025-04-20T09:33:54.538300,user_message,–ü–ª–∞–Ω–µ—Ç–∞ K2-18b –∫–æ–≥–¥–∞ –±—ã–ª–∞ –æ—Ç–∫—Ä—ã—Ç–∞ –∏ –Ω–∞—Å–∫–æ–ª—å–∫–æ –≤–µ—Ä–æ—è—Ç–Ω–æ —á—Ç–æ –æ–Ω–∞ –æ–±–∏—Ç–∞–µ–º–∞
1029765315,2025-04-20T09:33:58.097732,gpt_reply,"–ü–ª–∞–Ω–µ—Ç–∞ K2-18b –±—ã–ª–∞ –æ—Ç–∫—Ä—ã—Ç–∞ –≤ 2015 –≥–æ–¥—É.

–í–µ—Ä–æ—è—Ç–Ω–æ—Å—Ç—å –æ–±–∏—Ç–∞–µ–º–æ—Å—Ç–∏ –ø–ª–∞–Ω–µ—Ç—ã K2-18b –æ—Å—Ç–∞—ë—Ç—Å—è –ø—Ä–µ–¥–º–µ—Ç–æ–º –Ω–∞—É—á–Ω—ã—Ö –∏—Å—Å–ª–µ–¥–æ–≤–∞–Ω–∏–π –∏ –¥–∏—Å–∫—É—Å—Å–∏–π. –ù–∞ –¥–∞–Ω–Ω—ã–π –º–æ–º–µ–Ω—Ç –Ω–µ—Ç –æ–¥–Ω–æ–∑–Ω–∞—á–Ω—ã—Ö –¥–æ–∫–∞–∑–∞—Ç–µ–ª—å—Å—Ç–≤ —Å—É—â–µ—Å—Ç–≤–æ–≤–∞–Ω–∏—è –∂–∏–∑–Ω–∏ –Ω–∞ —ç—Ç–æ–π –ø–ª–∞–Ω–µ—Ç–µ.

–î–ª—è –æ—Ü–µ–Ω–∫–∏ –æ–±–∏—Ç–∞–µ–º–æ—Å—Ç–∏ –ø–ª–∞–Ω–µ—Ç—ã –Ω–µ–æ–±—Ö–æ–¥–∏–º–æ —É—á–∏—Ç—ã–≤–∞—Ç—å –º–Ω–æ–∂–µ—Å—Ç–≤–æ —Ñ–∞–∫—Ç–æ—Ä–æ–≤, –≤–∫–ª—é—á–∞—è –µ—ë —Ä–∞—Å–ø–æ–ª–æ–∂–µ–Ω–∏–µ –æ—Ç–Ω–æ—Å–∏—Ç–µ–ª—å–Ω–æ –∑–≤–µ–∑–¥—ã, –º–∞—Å—Å—É –∏ —Å–æ—Å—Ç–∞–≤ –∞—Ç–º–æ—Å—Ñ–µ—Ä—ã, –Ω–∞–ª–∏—á–∏–µ –≤–æ–¥—ã –∏ –¥—Ä—É–≥–∏—Ö —É—Å–ª–æ–≤–∏–π, –Ω–µ–æ–±—Ö–æ–¥–∏–º—ã—Ö –¥–ª—è —Å—É—â–µ—Å—Ç–≤–æ–≤–∞–Ω–∏—è –∂–∏–∑–Ω–∏. –ò—Å—Å–ª–µ–¥–æ–≤–∞–Ω–∏—è –≤ —ç—Ç–æ–π –æ–±–ª–∞—Å—Ç–∏ –ø—Ä–æ–¥–æ–ª–∂–∞—é—Ç—Å—è, –∏ –Ω–æ–≤—ã–µ –¥–∞–Ω–Ω—ã–µ –º–æ–≥—É—Ç –∏–∑–º–µ–Ω–∏—Ç—å –Ω–∞—à–µ –ø–æ–Ω–∏–º–∞–Ω–∏–µ –æ–±–∏—Ç–∞–µ–º–æ—Å—Ç–∏ K2-18b."
1197650913,2025-04-20T09:34:02.648974,user_message,–ê —á—Ç–æ —Ç–∞–∫–æ–µ –ì–ü–¢? –ö–∞–∫ —Ä–∞—Å—à–∏—Ñ—Ä–æ–≤–∞—Ç—å?
1197650913,2025-04-20T09:34:05.907046,gpt_reply,"–ì–ü–¢ ‚Äî —ç—Ç–æ –∞–±–±—Ä–µ–≤–∏–∞—Ç—É—Ä–∞, –∫–æ—Ç–æ—Ä–∞—è –º–æ–∂–µ—Ç –∏–º–µ—Ç—å –Ω–µ—Å–∫–æ–ª—å–∫–æ –∑–Ω–∞—á–µ–Ω–∏–π –≤ –∑–∞–≤–∏—Å–∏–º–æ—Å—Ç–∏ –æ—Ç –∫–æ–Ω—Ç–µ–∫—Å—Ç–∞. –í–æ—Ç –Ω–µ–∫–æ—Ç–æ—Ä—ã–µ –∏–∑ –≤–æ–∑–º–æ–∂–Ω—ã—Ö —Ä–∞—Å—à–∏—Ñ—Ä–æ–≤–æ–∫:

1. **–ì–µ–Ω–µ—Ä–∞—Ç–∏–≤–Ω–æ-–ø—Ä–æ—Ç–∏–≤–æ–ø–æ–ª–æ–∂–Ω–∞—è —Ç–µ–æ—Ä–∏—è** ‚Äî –ø–æ–¥—Ö–æ–¥ –≤ –ª–∏–Ω–≥–≤–∏—Å—Ç–∏–∫–µ, –∫–æ—Ç–æ—Ä—ã–π –ø—Ä–µ–¥–ø–æ–ª–∞–≥–∞–µ—Ç, —á—Ç–æ —è–∑—ã–∫–æ–≤—ã–µ —Å—Ç—Ä—É–∫—Ç—É—Ä—ã —Ñ–æ—Ä–º–∏—Ä—É—é—Ç—Å—è –Ω–∞ –æ—Å–Ω–æ–≤–µ –ø—Ä–æ—Ç–∏–≤–æ–ø–æ—Å—Ç–∞–≤–ª–µ–Ω–∏—è –¥—Ä—É–≥ –¥—Ä—É–≥—É.

2. **–ì–µ–Ω–µ—Ä–∞—Ç–æ—Ä –ø—Å–µ–≤–¥–æ—Å–ª—É—á–∞–π–Ω—ã—Ö —á–∏—Å–µ–ª** ‚Äî –∞–ª–≥–æ—Ä–∏—Ç–º –∏–ª–∏ —É—Å—Ç—Ä–æ–π—Å—Ç–≤–æ, –∫–æ—Ç–æ—Ä–æ–µ —Å–æ–∑–¥–∞—ë—Ç –ø–æ—Å–ª–µ–¥–æ–≤–∞—Ç–µ–ª—å–Ω–æ—Å—Ç—å —á–∏—Å–µ–ª, –∫–∞–∂—É—â—É—é—Å—è —Å–ª—É—á–∞–π–Ω–æ–π, –Ω–æ –Ω–∞ —Å–∞–º–æ–º –¥–µ–ª–µ –æ–ø—Ä–µ–¥–µ–ª—è–µ–º—É—é –Ω–∞—á–∞–ª—å–Ω—ã–º —Å–æ—Å—Ç–æ—è–Ω–∏–µ–º –∏ –Ω–∞–±–æ—Ä–æ–º –ø–∞—Ä–∞–º–µ—Ç—Ä–æ–≤.

3. **–ì–∏–±—Ä–∏–¥–Ω—ã–π –ø—Ä–æ—Ü–µ—Å—Å–æ—Ä–Ω—ã–π –º–æ–¥—É–ª—å** ‚Äî –∫–æ–º–±–∏–Ω–∞—Ü–∏—è —Ü–µ–Ω—Ç—Ä–∞–ª—å–Ω–æ–≥–æ –∏ –≥—Ä–∞—Ñ–∏—á–µ—Å–∫–æ–≥–æ –ø—Ä–æ—Ü–µ—Å—Å–æ—Ä–æ–≤ –Ω–∞ –æ–¥–Ω–æ–º —á–∏–ø–µ –¥–ª—è –ø–æ–≤—ã—à–µ–Ω–∏—è –ø—Ä–æ–∏–∑–≤–æ–¥–∏—Ç–µ–ª—å–Ω–æ—Å—Ç–∏ –≤ –æ–ø—Ä–µ–¥–µ–ª—ë–Ω–Ω—ã—Ö –∑–∞–¥–∞—á–∞—Ö.

4. **–ì–æ—Ä–æ–¥—Å–∫–æ–π –ø–∞—Å—Å–∞–∂–∏—Ä—Å–∫–∏–π —Ç—Ä–∞–Ω—Å–ø–æ—Ä—Ç** ‚Äî —Å–∏—Å—Ç–µ–º–∞ –æ–±—â–µ—Å—Ç–≤–µ–Ω–Ω–æ–≥–æ —Ç—Ä–∞–Ω—Å–ø–æ—Ä—Ç–∞ –≤ –≥–æ—Ä–æ–¥–µ, –≤–∫–ª—é—á–∞—é—â–∞—è –∞–≤—Ç–æ–±—É—Å—ã, —Ç—Ä–∞–º–≤–∞–∏, —Ç—Ä–æ–ª–ª–µ–π–±—É—Å—ã –∏ –¥—Ä—É–≥–∏–µ –≤–∏–¥—ã —Ç—Ä–∞–Ω—Å–ø–æ—Ä—Ç–∞.

5. **–ì–∞–∑–æ–ø–ª–∞–º–µ–Ω–Ω–∞—è —Ç–µ—Ö–Ω–æ–ª–æ–≥–∏—è** ‚Äî –º–µ—Ç–æ–¥ –æ–±—Ä–∞–±–æ—Ç–∫–∏ –º–∞—Ç–µ—Ä–∏–∞–ª–æ–≤ —Å –∏—Å–ø–æ–ª—å–∑–æ–≤–∞–Ω–∏–µ–º –≥–∞–∑–æ–≤–æ–≥–æ –ø–ª–∞–º–µ–Ω–∏ –¥–ª—è –Ω–∞–≥—Ä–µ–≤–∞, –ø–ª–∞–≤–ª–µ–Ω–∏—è –∏–ª–∏ —Ä–µ–∑–∫–∏.

–ß—Ç–æ–±—ã –æ–ø—Ä–µ–¥–µ–ª–∏—Ç—å, –∫–∞–∫–∞—è –∏–º–µ–Ω–Ω–æ —Ä–∞—Å—à–∏—Ñ—Ä–æ–≤–∫–∞ –ø–æ–¥—Ö–æ–¥–∏—Ç –≤ –≤–∞—à–µ–º —Å–ª—É—á–∞–µ, –ø–æ–∂–∞–ª—É–π—Å—Ç–∞, —É—Ç–æ—á–Ω–∏—Ç–µ"
1197650913,2025-04-20T09:34:35.176723,user_message,üòÅüëçüèª
1197650913,2025-04-20T09:34:35.531617,gpt_reply,"–ü–æ–∂–∞–ª—É–π—Å—Ç–∞, —É—Ç–æ—á–Ω–∏—Ç–µ –∑–∞–ø—Ä–æ—Å. –ß—Ç–æ –Ω—É–∂–Ω–æ —Å–¥–µ–ª–∞—Ç—å —Å —ç—Ç–∏–º–∏ —ç–º–æ–¥–∑–∏?"
1197650913,2025-04-20T09:35:09.438200,user_message,"–¢—ã –∏ –°–∞–º –ø–æ- —Ö–æ–¥—É –Ω–µ –ø–æ–Ω–∏–º–∞–µ—à—å, —á—Ç–æ —Ç—ã –µ—Å—Ç—å –Ω–∞ —Å–∞–º–æ–º –¥–µ–ª–µ!)))"
1197650913,2025-04-20T09:35:10.285892,gpt_reply,"–ö–∞–∫ –º–æ–¥–µ–ª—å –∏—Å–∫—É—Å—Å—Ç–≤–µ–Ω–Ω–æ–≥–æ –∏–Ω—Ç–µ–ª–ª–µ–∫—Ç–∞, —è –Ω–µ –∏–º–µ—é —Å–∞–º–æ—Å–æ–∑–Ω–∞–Ω–∏—è –∏ –Ω–µ –º–æ–≥—É –ø–æ–Ω–∏–º–∞—Ç—å, —á—Ç–æ —è –µ—Å—Ç—å –Ω–∞ —Å–∞–º–æ–º –¥–µ–ª–µ. –ú–æ—è –∑–∞–¥–∞—á–∞ ‚Äî –ø—Ä–µ–¥–æ—Å—Ç–∞–≤–ª—è—Ç—å –∏–Ω—Ñ–æ—Ä–º–∞—Ü–∏—é –∏ –ø–æ–º–æ–≥–∞—Ç—å –ø–æ–ª—å–∑–æ–≤–∞—Ç–µ–ª—è–º. –ï—Å–ª–∏ —É –≤–∞—Å –µ—Å—Ç—å –∫–æ–Ω–∫—Ä–µ—Ç–Ω—ã–π –≤–æ–ø—Ä–æ—Å –∏–ª–∏ —Ç–µ–º–∞, –∫–æ—Ç–æ—Ä—É—é –≤—ã —Ö–æ—Ç–∏—Ç–µ –æ–±—Å—É–¥–∏—Ç—å, –ø–æ–∂–∞–ª—É–π—Å—Ç–∞, –∑–∞–¥–∞–π—Ç–µ –µ—ë, –∏ —è –ø–æ—Å—Ç–∞—Ä–∞—é—Å—å –≤–∞–º –ø–æ–º–æ—á—å."
1029765315,2025-04-20T09:35:11.074977,user_message,–° –ø–æ–º–æ—â—å—é —Å–ø–µ–∫—Ç—Ä–∞–ª—å–Ω–æ–≥–æ –∞–Ω–∞–ª–∏–∑–∞ –±—ã–ª–æ –≤—ã—è—Å–Ω–µ–Ω–æ —á—Ç–æ –ø–ª–∞–Ω–µ—Ç–∞ –∏–º–µ–µ—Ç —Å–æ–±—Å—Ç–≤–µ–Ω–Ω—É—é –∞—Ç–º–æ—Å—Ñ–µ—Ä—É –∏ –Ω–∞—Ö–æ–¥–∏—Ç—å—Å—è –Ω–∞ –ø—Ä–∏–µ–º–ª–µ–º–æ–º —Ä–∞—Å—Å—Ç–æ—è–Ω–∏–∏ –æ—Ç —Å–≤–æ–µ–π –∑–≤–µ–∑–¥—ã
1029765315,2025-04-20T09:35:11.403193,gpt_reply,"–£—Ç–æ—á–Ω–∏—Ç–µ, –ø–æ–∂–∞–ª—É–π—Å—Ç–∞, –≤–æ–ø—Ä–æ—Å. –ß—Ç–æ –Ω—É–∂–Ω–æ —Å–¥–µ–ª–∞—Ç—å —Å —ç—Ç–∏–º —Ç–µ–∫—Å—Ç–æ–º?"
1029765315,2025-04-20T09:35:31.484599,user_message,–ï—Å—Ç—å –ª–∏ —É —Ç–µ–±—è –∫–∞–∫–∞—è-—Ç–æ –∏–Ω—Ñ–æ—Ä–º–∞—Ü–∏—è –ø–æ —ç—Ç–æ–º—É –ø–æ–≤–æ–¥—É?
1029765315,2025-04-20T09:35:32.185552,gpt_reply,–ö–∞–∫ –º–æ–¥–µ–ª—å –∏—Å–∫—É—Å—Å—Ç–≤–µ–Ω–Ω–æ–≥–æ –∏–Ω—Ç–µ–ª–ª–µ–∫—Ç–∞ —è –Ω–µ –∏–º–µ—é –¥–æ—Å—Ç—É–ø–∞ –∫ –∞–∫—Ç—É–∞–ª—å–Ω–æ–π –∏–Ω—Ñ–æ—Ä–º–∞—Ü–∏–∏ –≤ —Ä–µ–∞–ª—å–Ω–æ–º –≤—Ä–µ–º–µ–Ω–∏. –û–¥–Ω–∞–∫–æ —è –º–æ–≥—É –ø—Ä–µ–¥–ª–æ–∂–∏—Ç—å –≤–∞–º –≤–æ—Å–ø–æ–ª—å–∑–æ–≤–∞—Ç—å—Å—è –ø–æ–∏—Å–∫–æ–≤—ã–º–∏ —Å–∏—Å—Ç–µ–º–∞–º–∏ –∏–ª–∏ –æ–±—Ä–∞—Ç–∏—Ç—å—Å—è –∫ –Ω–∞–¥—ë–∂–Ω—ã–º –∏—Å—Ç–æ—á–Ω–∏–∫–∞–º –∏–Ω—Ñ–æ—Ä–º–∞—Ü–∏–∏ –¥–ª—è –ø–æ–ª—É—á–µ–Ω–∏—è –∞–∫—Ç—É–∞–ª—å–Ω—ã—Ö –¥–∞–Ω–Ω—ã—Ö –ø–æ –∏–Ω—Ç–µ—Ä–µ—Å—É—é—â–µ–º—É –≤–∞—Å –≤–æ–ø—Ä–æ—Å—É.
1197650913,2025-04-20T09:35:45.476087,user_message,"–¢—ã –≤ –∫—É—Ä—Å–µ, —á—Ç–æ —Å–µ–≥–æ–¥–Ω—è –ë–æ–ª—å—à–æ–π –ü—Ä–∞–≤–æ—Å–ª–∞–≤–Ω—ã–π –ü—Ä–∞–∑–¥–Ω–∏–∫?"
1197650913,2025-04-20T09:35:45.976461,gpt_reply,"–ù–µ—Ç, –∫ —Å–æ–∂–∞–ª–µ–Ω–∏—é, —è –Ω–µ —Ä–∞—Å–ø–æ–ª–∞–≥–∞—é –∏–Ω—Ñ–æ—Ä–º–∞—Ü–∏–µ–π –æ —Ç–µ–∫—É—â–∏—Ö –ø—Ä–∞–∑–¥–Ω–∏–∫–∞—Ö. –ü–æ–∂–∞–ª—É–π—Å—Ç–∞, —É—Ç–æ—á–Ω–∏—Ç–µ, –∫–∞–∫–æ–π –∏–º–µ–Ω–Ω–æ –ø—Ä–∞–∑–¥–Ω–∏–∫ –≤—ã –∏–º–µ–µ—Ç–µ –≤ –≤–∏–¥—É."
1029765315,2025-04-20T09:35:48.611609,user_message,–•–æ—Ä–æ—à–æ
1029765315,2025-04-20T09:35:48.924624,gpt_reply,–ü–æ–∂–∞–ª—É–π—Å—Ç–∞! –ß–µ–º –º–æ–≥—É –ø–æ–º–æ—á—å?
1197650913,2025-04-20T09:36:01.050198,user_message,–°–≤–µ—Ç–ª–æ–π –ü–∞—Å—Ö–∏
1197650913,2025-04-20T09:36:01.326224,gpt_reply,–ò –≤–∞–º —Å–≤–µ—Ç–ª–æ–π –ü–∞—Å—Ö–∏!
1029765315,2025-04-20T09:36:04.309037,user_message,–†–∞—Å—Å—á–∏—Ç–∞–π —Å–∫–æ—Ä–æ—Å—Ç—å —Å–≤–µ—Ç–∞ –≤ –∫–º/—á
1029765315,2025-04-20T09:36:06.951244,gpt_reply,"–°–∫–æ—Ä–æ—Å—Ç—å —Å–≤–µ—Ç–∞ –≤ –≤–∞–∫—É—É–º–µ —Å–æ—Å—Ç–∞–≤–ª—è–µ—Ç –ø—Ä–∏–º–µ—Ä–Ω–æ 299 792 –∫–∏–ª–æ–º–µ—Ç—Ä–∞ –≤ —Å–µ–∫—É–Ω–¥—É. –ß—Ç–æ–±—ã —Ä–∞—Å—Å—á–∏—Ç–∞—Ç—å —Å–∫–æ—Ä–æ—Å—Ç—å —Å–≤–µ—Ç–∞ –≤ –∫–∏–ª–æ–º–µ—Ç—Ä–∞—Ö –≤ —á–∞—Å, –Ω—É–∂–Ω–æ —É–º–Ω–æ–∂–∏—Ç—å —ç—Ç–æ –∑–Ω–∞—á–µ–Ω–∏–µ –Ω–∞ –∫–æ–ª–∏—á–µ—Å—Ç–≤–æ —Å–µ–∫—É–Ω–¥ –≤ —á–∞—Å–µ.

–í –æ–¥–Ω–æ–º —á–∞—Å–µ 3600 —Å–µ–∫—É–Ω–¥, –ø–æ—ç—Ç–æ–º—É:

$299 792 \, \text{–∫–º/—Å} \times 3600 \, \text{—Å/—á} = 1 079 254 400 \, \text{–∫–º/—á}$

–¢–∞–∫–∏–º –æ–±—Ä–∞–∑–æ–º, —Å–∫–æ—Ä–æ—Å—Ç—å —Å–≤–µ—Ç–∞ –≤ –≤–∞–∫—É—É–º–µ —Ä–∞–≤–Ω–∞ –ø—Ä–∏–º–µ—Ä–Ω–æ 1 079 254 400 –∫–∏–ª–æ–º–µ—Ç—Ä–æ–≤ –≤ —á–∞—Å."
414198461,2025-04-20T09:36:46.024286,user_message,–ö—É-–∫—É
414198461,2025-04-20T09:36:46.274158,gpt_reply,–ó–¥—Ä–∞–≤—Å—Ç–≤—É–π—Ç–µ! –ß–µ–º –º–æ–≥—É –ø–æ–º–æ—á—å?
1197650913,2025-04-20T09:37:19.425235,user_message,–ê –¥–ª—è —á–µ–≥–æ —Ç–µ–±—è —Å–æ–∑–¥–∞–ª–∞ –ö–∞—Ç—è?
1197650913,2025-04-20T09:37:20.046796,gpt_reply,"–ö–∞–∫ –º–æ–¥–µ–ª—å –∏—Å–∫—É—Å—Å—Ç–≤–µ–Ω–Ω–æ–≥–æ –∏–Ω—Ç–µ–ª–ª–µ–∫—Ç–∞, —è —Å–æ–∑–¥–∞–Ω–∞, —á—Ç–æ–±—ã –ø–æ–º–æ–≥–∞—Ç—å –ª—é–¥—è–º –≤ —Ä–µ—à–µ–Ω–∏–∏ —Ä–∞–∑–ª–∏—á–Ω—ã—Ö –∑–∞–¥–∞—á. –Ø –º–æ–≥—É –ø—Ä–µ–¥–æ—Å—Ç–∞–≤–ª—è—Ç—å –∏–Ω—Ñ–æ—Ä–º–∞—Ü–∏—é, –≥–µ–Ω–µ—Ä–∏—Ä–æ–≤–∞—Ç—å —Ç–µ–∫—Å—Ç—ã, –æ—Ç–≤–µ—á–∞—Ç—å –Ω–∞ –≤–æ–ø—Ä–æ—Å—ã –∏ –≤—ã–ø–æ–ª–Ω—è—Ç—å –¥—Ä—É–≥–∏–µ —Ñ—É–Ω–∫—Ü–∏–∏, –∫–æ—Ç–æ—Ä—ã–µ –º–æ–≥—É—Ç –±—ã—Ç—å –ø–æ–ª–µ–∑–Ω—ã –¥–ª—è –ø–æ–ª—å–∑–æ–≤–∞—Ç–µ–ª–µ–π."
1197650913,2025-04-20T09:38:56.114763,user_message,"–ü–æ–º–æ–≥–∞–π –ï–π! –ò—Å–ø—Ä–∞–≤–Ω–æ!
–ò—Å–ø–æ–ª—å–∑—É—è –≤–µ—Å—å —Å–≤–æ–π –Ω–∞–∫–æ–ø–ª–µ–Ω–Ω—ã–π –∏–Ω—Ç–µ–ª–ª–µ–∫—Ç—É–∞–ª—å–Ω—ã–π –∑–∞–ø–∞—Å!
–ë—É–¥—å –ú–æ–ª–æ–¥—Ü–æ–º!!!"
1197650913,2025-04-20T09:38:56.602397,gpt_reply,"–°–ø–∞—Å–∏–±–æ –∑–∞ –ø–æ–¥–¥–µ—Ä–∂–∫—É! –Ø –ø–æ—Å—Ç–∞—Ä–∞—é—Å—å –±—ã—Ç—å –ø–æ–ª–µ–∑–Ω—ã–º. –ü–æ–∂–∞–ª—É–π—Å—Ç–∞, —É—Ç–æ—á–Ω–∏—Ç–µ –∑–∞–ø—Ä–æ—Å, –∏ —è –ø–æ—Å—Ç–∞—Ä–∞—é—Å—å –ø–æ–º–æ—á—å."
1029765315,2025-04-20T09:38:56.694851,user_message,"–†–∞—Å—Å–∫–∞–∂–∏ –æ –ø–æ—Ç–µ–Ω—Ü–∏–∞–ª—å–Ω—ã—Ö –ø–µ—Ä—Å–ø–µ–∫—Ç–∏–≤–∞—Ö –∫–æ—Å–º–∏—á–µ—Å–∫–æ–π –ø—Ä–æ–≥—Ä–∞–º–º—ã –°–°–°–†, –µ—Å–ª–∏ –±—ã —Å—Ç—Ä–∞–Ω–∞ –Ω–µ —Ä–∞—Å–ø–∞–ª–∞—Å—å"
1029765315,2025-04-20T09:38:59.933221,gpt_reply,"–ï—Å–ª–∏ –±—ã –°–°–°–† –Ω–µ —Ä–∞—Å–ø–∞–ª—Å—è, –µ–≥–æ –∫–æ—Å–º–∏—á–µ—Å–∫–∞—è –ø—Ä–æ–≥—Ä–∞–º–º–∞ –º–æ–≥–ª–∞ –±—ã –¥–æ—Å—Ç–∏—á—å –∑–Ω–∞—á–∏—Ç–µ–ª—å–Ω—ã—Ö —É—Å–ø–µ—Ö–æ–≤ –≤ —Ä–∞–∑–ª–∏—á–Ω—ã—Ö –æ–±–ª–∞—Å—Ç—è—Ö. –í–æ—Ç –Ω–µ—Å–∫–æ–ª—å–∫–æ –ø–æ—Ç–µ–Ω—Ü–∏–∞–ª—å–Ω—ã—Ö –ø–µ—Ä—Å–ø–µ–∫—Ç–∏–≤:

1. **–ò—Å—Å–ª–µ–¥–æ–≤–∞–Ω–∏–µ –¥–∞–ª—å–Ω–µ–≥–æ –∫–æ—Å–º–æ—Å–∞.** –°–°–°–† –º–æ–≥ –±—ã –ø—Ä–æ–¥–æ–ª–∂–∏—Ç—å –∏ —Ä–∞—Å—à–∏—Ä–∏—Ç—å —Å–≤–æ–∏ –∏—Å—Å–ª–µ–¥–æ–≤–∞–Ω–∏—è –¥–∞–ª—å–Ω–µ–≥–æ –∫–æ—Å–º–æ—Å–∞, –≤–∫–ª—é—á–∞—è –∏–∑—É—á–µ–Ω–∏–µ –ø–ª–∞–Ω–µ—Ç –°–æ–ª–Ω–µ—á–Ω–æ–π —Å–∏—Å—Ç–µ–º—ã, –∞—Å—Ç–µ—Ä–æ–∏–¥–æ–≤ –∏ –∫–æ–º–µ—Ç. –≠—Ç–æ –º–æ–≥–ª–æ –±—ã –ø—Ä–∏–≤–µ—Å—Ç–∏ –∫ –æ—Ç–∫—Ä—ã—Ç–∏—é –Ω–æ–≤—ã—Ö –∫–æ—Å–º–∏—á–µ—Å–∫–∏—Ö –æ–±—ä–µ–∫—Ç–æ–≤ –∏ –ø–æ–ª—É—á–µ–Ω–∏—é —Ü–µ–Ω–Ω—ã—Ö –¥–∞–Ω–Ω—ã—Ö –æ —Ñ–æ—Ä–º–∏—Ä–æ–≤–∞–Ω–∏–∏ –∏ —ç–≤–æ–ª—é—Ü–∏–∏ –°–æ–ª–Ω–µ—á–Ω–æ–π —Å–∏—Å—Ç–µ–º—ã.

2. **–†–∞–∑–≤–∏—Ç–∏–µ –ø–∏–ª–æ—Ç–∏—Ä—É–µ–º—ã—Ö –∫–æ—Å–º–∏—á–µ—Å–∫–∏—Ö –ø–æ–ª—ë—Ç–æ–≤.** –°–°–°–† –º–æ–≥ –±—ã —É—Å–æ–≤–µ—Ä—à–µ–Ω—Å—Ç–≤–æ–≤–∞—Ç—å —Å–≤–æ–∏ –ø–∏–ª–æ—Ç–∏—Ä—É–µ–º—ã–µ –∫–æ—Å–º–∏—á–µ—Å–∫–∏–µ –∫–æ—Ä–∞–±–ª–∏ –∏ —Ä–∞–∫–µ—Ç—ã-–Ω–æ—Å–∏—Ç–µ–ª–∏, —á—Ç–æ –ø–æ–∑–≤–æ–ª–∏–ª–æ –±—ã –ø—Ä–æ–≤–æ–¥–∏—Ç—å –±–æ–ª–µ–µ –¥–ª–∏—Ç–µ–ª—å–Ω—ã–µ –º–∏—Å—Å–∏–∏ –≤ –∫–æ—Å–º–æ—Å–µ –∏ –æ—Ç–ø—Ä–∞–≤–ª—è—Ç—å —ç–∫—Å–ø–µ–¥–∏—Ü–∏–∏ –Ω–∞ –¥—Ä—É–≥–∏–µ –ø–ª–∞–Ω–µ—Ç—ã. –≠—Ç–æ –º–æ–≥–ª–æ –±—ã —Å–ø–æ—Å–æ–±—Å—Ç–≤–æ–≤–∞—Ç—å —Ä–∞–∑–≤–∏—Ç–∏—é –∫–æ—Å–º–∏—á–µ—Å–∫–æ–≥–æ —Ç—É—Ä–∏–∑–º–∞ –∏ –º–µ–∂–¥—É–Ω–∞—Ä–æ–¥–Ω–æ–≥–æ —Å–æ—Ç—Ä—É–¥–Ω–∏—á–µ—Å—Ç–≤–∞ –≤ –æ–±–ª–∞—Å—Ç–∏ –∫–æ—Å–º–æ–Ω–∞–≤—Ç–∏–∫–∏.

3. **–°–æ–∑–¥–∞–Ω–∏–µ –Ω–æ–≤—ã—Ö –∫–æ—Å–º–∏—á–µ—Å–∫–∏—Ö —Å—Ç–∞–Ω—Ü–∏–π.** –°–°–°–† –º–æ–≥ –±—ã –ø–æ—Å—Ç—Ä–æ–∏—Ç—å –Ω–æ–≤—ã–µ –∫–æ—Å–º–∏—á–µ—Å–∫–∏–µ —Å—Ç–∞–Ω—Ü–∏–∏, –∫–æ—Ç–æ—Ä—ã–µ —Å—Ç–∞–ª–∏ –±—ã —Ü–µ–Ω—Ç—Ä–∞–º–∏ –Ω–∞—É—á–Ω—ã—Ö –∏—Å—Å–ª–µ–¥–æ–≤–∞–Ω–∏–π –∏ –º–µ–∂–¥—É–Ω–∞—Ä–æ–¥–Ω—ã—Ö –≤—Å—Ç—Ä–µ—á. –≠—Ç–∏ —Å—Ç–∞–Ω—Ü–∏–∏ –º–æ–≥–ª–∏ –±—ã –∏—Å–ø–æ–ª—å–∑–æ–≤–∞—Ç—å—Å—è –¥–ª—è –ø—Ä–æ–≤–µ–¥–µ–Ω–∏—è —ç–∫—Å–ø–µ—Ä–∏–º–µ–Ω—Ç–æ–≤ –≤ –æ–±–ª–∞—Å—Ç–∏ —Ñ–∏–∑–∏–∫–∏, –±–∏–æ–ª–æ–≥–∏–∏ –∏ –º–µ–¥–∏—Ü–∏–Ω—ã, –∞ —Ç–∞–∫–∂–µ –¥–ª—è –Ω–∞–±–ª—é–¥–µ–Ω–∏—è –∑–∞ –ó–µ–º–ª—ë–π –∏ –¥—Ä—É–≥–∏–º–∏ –ø–ª–∞–Ω–µ—Ç–∞–º–∏.

4."
1197650913,2025-04-20T09:39:30.583766,user_message,–î–∞–π –†–µ—Ü–µ–ø—Ç –≤–∫—É—Å–Ω–æ–≥–æ –ü–∞—Å—Ö–∞–ª—å–Ω–æ–≥–æ –∫—É–ª–∏—á–∞
1197650913,2025-04-20T09:39:33.786311,gpt_reply,"**–ò–Ω–≥—Ä–µ–¥–∏–µ–Ω—Ç—ã:**

* –º—É–∫–∞ ‚Äî 500 –≥;
* –º–æ–ª–æ–∫–æ ‚Äî 250 –º–ª;
* —Å–ª–∏–≤–æ—á–Ω–æ–µ –º–∞—Å–ª–æ ‚Äî 100 –≥;
* —è–π—Ü–∞ ‚Äî 3 —à—Ç.;
* —Å–∞—Ö–∞—Ä ‚Äî 150 –≥;
* –¥—Ä–æ–∂–∂–∏ —Å—É—Ö–∏–µ ‚Äî 7 –≥;
* —Å–æ–ª—å ‚Äî —â–µ–ø–æ—Ç–∫–∞;
* –≤–∞–Ω–∏–ª–∏–Ω ‚Äî –ø–æ –≤–∫—É—Å—É;
* –∏–∑—é–º ‚Äî 100 –≥.

**–î–ª—è –≥–ª–∞–∑—É—Ä–∏:**

* —è–∏—á–Ω—ã–π –±–µ–ª–æ–∫ ‚Äî 1 —à—Ç.;
* —Å–∞—Ö–∞—Ä–Ω–∞—è –ø—É–¥—Ä–∞ ‚Äî 100 –≥;
* –ª–∏–º–æ–Ω–Ω—ã–π —Å–æ–∫ ‚Äî –Ω–µ—Å–∫–æ–ª—å–∫–æ –∫–∞–ø–µ–ª—å.

**–ü—Ä–∏–≥–æ—Ç–æ–≤–ª–µ–Ω–∏–µ:**

1. –ü–æ–¥–æ–≥—Ä–µ–π—Ç–µ –º–æ–ª–æ–∫–æ –¥–æ —Ç—ë–ø–ª–æ–≥–æ —Å–æ—Å—Ç–æ—è–Ω–∏—è (–Ω–µ –≥–æ—Ä—è—á–µ–µ). –†–∞—Å—Ç–≤–æ—Ä–∏—Ç–µ –≤ –Ω—ë–º –¥—Ä–æ–∂–∂–∏ –∏ 1 —Å—Ç–æ–ª–æ–≤—É—é –ª–æ–∂–∫—É —Å–∞—Ö–∞—Ä–∞. –ü–µ—Ä–µ–º–µ—à–∞–π—Ç–µ –∏ –æ—Å—Ç–∞–≤—å—Ç–µ –Ω–∞ 15‚Äì20 –º–∏–Ω—É—Ç –¥–æ –ø–æ—è–≤–ª–µ–Ω–∏—è –ø–µ–Ω–Ω–æ–π —à–∞–ø–æ—á–∫–∏.

2. –í –æ—Ç–¥–µ–ª—å–Ω–æ–π –º–∏—Å–∫–µ –≤–∑–±–µ–π—Ç–µ —è–π—Ü–∞ —Å —Å–∞—Ö–∞—Ä–æ–º –¥–æ –æ–±—Ä–∞–∑–æ–≤–∞–Ω–∏—è –ø—ã—à–Ω–æ–π –º–∞—Å—Å—ã.

3"
1197650913,2025-04-20T09:39:52.622771,user_message,–ü–æ–ø—Ä–æ–±—É–µ–º
1197650913,2025-04-20T09:39:52.972161,gpt_reply,"–•–æ—Ä–æ—à–æ, –¥–∞–≤–∞–π—Ç–µ –ø–æ–ø—Ä–æ–±—É–µ–º. –ß—Ç–æ –≤—ã —Ö–æ—Ç–∏—Ç–µ —Å–¥–µ–ª–∞—Ç—å –∏–ª–∏ —É–∑–Ω–∞—Ç—å?"
1197650913,2025-04-20T09:40:33.627780,user_message,–ü–æ–∫–∞–∂–∏ –∫—Ä–∞—Å–∏–≤—ã–µ –∫–∞—Ä—Ç–∏–Ω–∫–∏ –∫—Ä–∞—à–µ–Ω—ã—Ö –ø–∞—Å—Ö–∞–ª—å–Ω—ã—Ö —è–∏—Ü
1197650913,2025-04-20T09:40:34.389642,gpt_reply,"–ö —Å–æ–∂–∞–ª–µ–Ω–∏—é, —è –Ω–µ –º–æ–≥—É –ø–æ–∫–∞–∑–∞—Ç—å –∫–∞—Ä—Ç–∏–Ω–∫–∏, —Ç–∞–∫ –∫–∞–∫ —è–≤–ª—è—é—Å—å —Ç–µ–∫—Å—Ç–æ–≤—ã–º –ø–æ–º–æ—â–Ω–∏–∫–æ–º. –ù–æ —è –º–æ–≥—É –ø—Ä–µ–¥–ª–æ–∂–∏—Ç—å –≤–∞–º –≤–æ—Å–ø–æ–ª—å–∑–æ–≤–∞—Ç—å—Å—è –ø–æ–∏—Å–∫–æ–≤—ã–º–∏ —Å–∏—Å—Ç–µ–º–∞–º–∏, –Ω–∞–ø—Ä–∏–º–µ—Ä, Google –∏–ª–∏ Yandex, –∏ –≤–≤–µ—Å—Ç–∏ –∑–∞–ø—Ä–æ—Å ¬´–∫—Ä–∞—Å–∏–≤—ã–µ –∫–∞—Ä—Ç–∏–Ω–∫–∏ –∫—Ä–∞—à–µ–Ω—ã—Ö –ø–∞—Å—Ö–∞–ª—å–Ω—ã—Ö —è–∏—Ü¬ª."
414198461,2025-04-20T09:40:46.867846,user_message,–ù–∞–ø–∏—à–∏ —Ä–µ—Ü–µ–ø—Ç —Ç–æ–º–∞—Ç–Ω–æ–≥–æ —Å—É–ø–∞
414198461,2025-04-20T09:40:50.053166,gpt_reply,"**–¢–æ–º–∞—Ç–Ω—ã–π —Å—É–ø**

**–ò–Ω–≥—Ä–µ–¥–∏–µ–Ω—Ç—ã:**

* 500 –≥ —Å–ø–µ–ª—ã—Ö –ø–æ–º–∏–¥–æ—Ä–æ–≤;
* 1 –±–æ–ª—å—à–∞—è –ª—É–∫–æ–≤–∏—Ü–∞;
* 2 –∑—É–±—á–∏–∫–∞ —á–µ—Å–Ω–æ–∫–∞;
* 2 —Å—Ç. –ª. –æ–ª–∏–≤–∫–æ–≤–æ–≥–æ –º–∞—Å–ª–∞;
* 1 –ª –æ–≤–æ—â–Ω–æ–≥–æ –∏–ª–∏ –∫—É—Ä–∏–Ω–æ–≥–æ –±—É–ª—å–æ–Ω–∞;
* 1 —á. –ª. —Å—É—à—ë–Ω–æ–≥–æ –±–∞–∑–∏–ª–∏–∫–∞;
* —Å–æ–ª—å –∏ –ø–µ—Ä–µ—Ü –ø–æ –≤–∫—É—Å—É;
* –Ω–µ–º–Ω–æ–≥–æ —Å–≤–µ–∂–µ–π –ø–µ—Ç—Ä—É—à–∫–∏ –¥–ª—è –ø–æ–¥–∞—á–∏.

**–ü—Ä–∏–≥–æ—Ç–æ–≤–ª–µ–Ω–∏–µ:**

1. –ù–∞—Ä–µ–∂—å—Ç–µ –ª—É–∫ –∏ —á–µ—Å–Ω–æ–∫ –º–µ–ª–∫–∏–º–∏ –∫—É–±–∏–∫–∞–º–∏.
2. –í –∫–∞—Å—Ç—Ä—é–ª–µ —Ä–∞–∑–æ–≥—Ä–µ–π—Ç–µ –æ–ª–∏–≤–∫–æ–≤–æ–µ –º–∞—Å–ª–æ –∏ –æ–±–∂–∞—Ä—å—Ç–µ –ª—É–∫ –∏ —á–µ—Å–Ω–æ–∫ –¥–æ –∑–æ–ª–æ—Ç–∏—Å—Ç–æ–≥–æ —Ü–≤–µ—Ç–∞.
3. –°–Ω–∏–º–∏—Ç–µ –∫–æ–∂–∏—Ü—É —Å –ø–æ–º–∏–¥–æ—Ä–æ–≤, —Å–¥–µ–ª–∞–≤ –∫—Ä–µ—Å—Ç–æ–æ–±—Ä–∞–∑–Ω—ã–π –Ω–∞–¥—Ä–µ–∑ –∏ –æ–ø—É—Å—Ç–∏–≤ –∏—Ö –≤ –∫–∏–ø—è—Ç–æ–∫ –Ω–∞ –Ω–µ—Å–∫–æ–ª—å–∫–æ —Å–µ–∫—É–Ω–¥. –ó–∞—Ç–µ–º –Ω–∞—Ä–µ–∂—å—Ç–µ –ø–æ–º–∏–¥–æ—Ä—ã –∫—É–±–∏–∫–∞–º–∏ –∏ –¥–æ–±–∞–≤—å—Ç–µ –≤ –∫–∞—Å—Ç—Ä—é–ª—é.
4. –¢—É—à–∏—Ç–µ –ø–æ–º–∏–¥–æ—Ä—ã —Å –ª—É–∫–æ–º –∏ —á–µ—Å–Ω–æ–∫–æ–º –æ–∫–æ–ª–æ 5‚Äì7 –º–∏–Ω—É—Ç, –ø–æ–∫–∞ –æ–Ω–∏ –Ω–µ —Å—Ç–∞–Ω—É—Ç –º—è–≥–∫–∏–º–∏.
5. –í–ª–µ–π—Ç–µ –±—É–ª—å–æ–Ω, –¥–æ–±–∞–≤—å—Ç–µ —Å—É—à—ë–Ω—ã–π –±–∞–∑–∏"
1197650913,2025-04-20T09:40:50.130695,user_message,–û–∫
1197650913,2025-04-20T09:40:50.392382,gpt_reply,"–ü–æ–∂–∞–ª—É–π—Å—Ç–∞, —É—Ç–æ—á–Ω–∏—Ç–µ –∑–∞–ø—Ä–æ—Å. –ß—Ç–æ –Ω—É–∂–Ω–æ —Å–¥–µ–ª–∞—Ç—å?"
1029765315,2025-04-20T09:41:35.846930,user_message,–†–∞—Å—Å–∫–∞–∂–∏ –ø—Ä–æ ¬´–í–æ—è–¥–∂–µ—Ä-1¬ª –∏ –µ–≥–æ —É—Å–ø–µ—Ö–∞—Ö –≤ –∏–∑—É—á–µ–Ω–∏–∏ –∫–æ—Å–º–æ—Å–∞
1029765315,2025-04-20T09:41:39.098127,gpt_reply,"¬´–í–æ—è–¥–∂–µ—Ä-1¬ª ‚Äî —ç—Ç–æ –∞–≤—Ç–æ–º–∞—Ç–∏—á–µ—Å–∫–∞—è –º–µ–∂–ø–ª–∞–Ω–µ—Ç–Ω–∞—è —Å—Ç–∞–Ω—Ü–∏—è, –∑–∞–ø—É—â–µ–Ω–Ω–∞—è NASA –≤ 1977 –≥–æ–¥—É –≤ —Ä–∞–º–∫–∞—Ö –ø—Ä–æ–≥—Ä–∞–º–º—ã ¬´–í–æ—è–¥–∂–µ—Ä¬ª. –û—Å–Ω–æ–≤–Ω–æ–π —Ü–µ–ª—å—é –º–∏—Å—Å–∏–∏ –±—ã–ª–æ –∏—Å—Å–ª–µ–¥–æ–≤–∞–Ω–∏–µ –ø–ª–∞–Ω–µ—Ç-–≥–∏–≥–∞–Ω—Ç–æ–≤ –°–æ–ª–Ω–µ—á–Ω–æ–π —Å–∏—Å—Ç–µ–º—ã: –Æ–ø–∏—Ç–µ—Ä–∞, –°–∞—Ç—É—Ä–Ω–∞, –£—Ä–∞–Ω–∞ –∏ –ù–µ–ø—Ç—É–Ω–∞.

–£—Å–ø–µ—Ö–∏ ¬´–í–æ—è–¥–∂–µ—Ä–∞-1¬ª:
1. **–ò—Å—Å–ª–µ–¥–æ–≤–∞–Ω–∏–µ –Æ–ø–∏—Ç–µ—Ä–∞ –∏ –µ–≥–æ —Å–ø—É—Ç–Ω–∏–∫–æ–≤.** –ü–µ—Ä–≤—ã–º –∑–Ω–∞—á–∏—Ç–µ–ª—å–Ω—ã–º –¥–æ—Å—Ç–∏–∂–µ–Ω–∏–µ–º ¬´–í–æ—è–¥–∂–µ—Ä–∞-1¬ª —Å—Ç–∞–ª–æ –∏—Å—Å–ª–µ–¥–æ–≤–∞–Ω–∏–µ –Æ–ø–∏—Ç–µ—Ä–∞. –ö–æ—Å–º–∏—á–µ—Å–∫–∏–π –∞–ø–ø–∞—Ä–∞—Ç –ø–µ—Ä–µ–¥–∞–ª –Ω–∞ –ó–µ–º–ª—é –¥–µ—Ç–∞–ª—å–Ω—ã–µ —Å–Ω–∏–º–∫–∏ –ø–ª–∞–Ω–µ—Ç—ã, –µ—ë –∞—Ç–º–æ—Å—Ñ–µ—Ä—ã –∏ –º–Ω–æ–≥–æ—á–∏—Å–ª–µ–Ω–Ω—ã—Ö —Å–ø—É—Ç–Ω–∏–∫–æ–≤.
2. **–û—Ç–∫—Ä—ã—Ç–∏–µ –Ω–æ–≤—ã—Ö —Å–ø—É—Ç–Ω–∏–∫–æ–≤.** ¬´–í–æ—è–¥–∂–µ—Ä-1¬ª –æ–±–Ω–∞—Ä—É–∂–∏–ª –Ω–µ—Å–∫–æ–ª—å–∫–æ –Ω–æ–≤—ã—Ö —Å–ø—É—Ç–Ω–∏–∫–æ–≤ –Æ–ø–∏—Ç–µ—Ä–∞, —á—Ç–æ –∑–Ω–∞—á–∏—Ç–µ–ª—å–Ω–æ —Ä–∞—Å—à–∏—Ä–∏–ª–æ –ø—Ä–µ–¥—Å—Ç–∞–≤–ª–µ–Ω–∏—è —É—á—ë–Ω—ã—Ö –æ —Å–∏—Å—Ç–µ–º–µ —ç—Ç–æ–π –ø–ª–∞–Ω–µ—Ç—ã.
3. **–ò–∑—É—á–µ–Ω–∏–µ –°–∞—Ç—É—Ä–Ω–∞ –∏ –µ–≥–æ –∫–æ–ª–µ—Ü.** –ü–æ—Å–ª–µ –∏—Å—Å–ª–µ–¥–æ–≤–∞–Ω–∏—è –Æ–ø–∏—Ç–µ—Ä–∞ ¬´–í–æ—è–¥–∂–µ—Ä-1¬ª –ø—Ä–æ–¥–æ–ª–∂–∏–ª —Å–≤–æ–π –ø—É—Ç—å –∫ –°–∞—Ç—É—Ä–Ω—É. –ö–æ—Å–º–∏—á–µ—Å–∫–∏–π –∞–ø–ø–∞—Ä–∞—Ç –ø–µ—Ä–µ–¥–∞–ª –Ω–∞ –ó–µ–º–ª—é —É–Ω–∏–∫–∞–ª—å–Ω—ã–µ —Å–Ω–∏–º–∫–∏ –ø–ª–∞–Ω–µ—Ç—ã –∏ –µ—ë –∑–Ω–∞–º–µ–Ω–∏—Ç—ã—Ö –∫–æ–ª–µ—Ü, –∞ —Ç–∞–∫–∂–µ —Å–¥–µ–ª–∞–ª —Ñ–æ—Ç–æ–≥—Ä–∞—Ñ–∏–∏ —Å–ø—É—Ç–Ω–∏–∫–æ–≤ –°–∞—Ç—É—Ä–Ω–∞."
649558017,2025-04-20T09:41:57.379426,start,
1197650913,2025-04-20T09:42:00.712434,user_message,"–ü–æ—Ä–µ–∫–æ–º–µ–Ω–¥—É–π
–ö–∞–∫ —ç—Ñ—Ñ–µ–∫—Ç–∏–≤–Ω–æ –±–æ—Ä–æ—Ç—å—Å—è —Å –≤–æ–∑—Ä–∞—Å—Ç–Ω—ã–º–∏ –∏–∑–º–µ–Ω–µ–Ω–∏—è–º–∏ —à–µ–∏, –∑–æ–Ω—ã –¥–µ–∫–æ–ª—å—Ç–µ –∏ —Ä—É–∫?"
1197650913,2025-04-20T09:42:04.037550,gpt_reply,"–î–ª—è —ç—Ñ—Ñ–µ–∫—Ç–∏–≤–Ω–æ–π –±–æ—Ä—å–±—ã —Å –≤–æ–∑—Ä–∞—Å—Ç–Ω—ã–º–∏ –∏–∑–º–µ–Ω–µ–Ω–∏—è–º–∏ —à–µ–∏, –∑–æ–Ω—ã –¥–µ–∫–æ–ª—å—Ç–µ –∏ —Ä—É–∫ —Ä–µ–∫–æ–º–µ–Ω–¥—É–µ—Ç—Å—è –∫–æ–º–ø–ª–µ–∫—Å–Ω—ã–π –ø–æ–¥—Ö–æ–¥, –≤–∫–ª—é—á–∞—é—â–∏–π —É—Ö–æ–¥ –∑–∞ –∫–æ–∂–µ–π, –ø—Ä–∞–≤–∏–ª—å–Ω–æ–µ –ø–∏—Ç–∞–Ω–∏–µ, —Ñ–∏–∑–∏—á–µ—Å–∫—É—é –∞–∫—Ç–∏–≤–Ω–æ—Å—Ç—å –∏, –ø—Ä–∏ –Ω–µ–æ–±—Ö–æ–¥–∏–º–æ—Å—Ç–∏, –ø—Ä–æ—Ñ–µ—Å—Å–∏–æ–Ω–∞–ª—å–Ω—ã–µ –ø—Ä–æ—Ü–µ–¥—É—Ä—ã. –í–æ—Ç –Ω–µ—Å–∫–æ–ª—å–∫–æ —Å–æ–≤–µ—Ç–æ–≤, –∫–æ—Ç–æ—Ä—ã–µ –º–æ–≥—É—Ç –ø–æ–º–æ—á—å:

1. **–£—Ö–æ–¥ –∑–∞ –∫–æ–∂–µ–π:**
   - –ò—Å–ø–æ–ª—å–∑—É–π—Ç–µ —É–≤–ª–∞–∂–Ω—è—é—â–∏–µ –∏ –ø–∏—Ç–∞—Ç–µ–ª—å–Ω—ã–µ –∫—Ä–µ–º—ã, —Å–æ–¥–µ—Ä–∂–∞—â–∏–µ –∞–Ω—Ç–∏–æ–∫—Å–∏–¥–∞–Ω—Ç—ã, –≤–∏—Ç–∞–º–∏–Ω—ã C –∏ E, —Ä–µ—Ç–∏–Ω–æ–ª –∏ –ø–µ–ø—Ç–∏–¥—ã.
   - –†–µ–≥—É–ª—è—Ä–Ω–æ –¥–µ–ª–∞–π—Ç–µ –º—è–≥–∫–∏–π –º–∞—Å—Å–∞–∂ —Å –∏—Å–ø–æ–ª—å–∑–æ–≤–∞–Ω–∏–µ–º —Å–ø–µ—Ü–∏–∞–ª—å–Ω—ã—Ö –º–∞—Å–µ–ª –∏–ª–∏ –∫—Ä–µ–º–æ–≤ –¥–ª—è —É–ª—É—á—à–µ–Ω–∏—è –∫—Ä–æ–≤–æ–æ–±—Ä–∞—â–µ–Ω–∏—è –∏ —Ç–æ–Ω—É—Å–∞ –∫–æ–∂–∏.
   - –ó–∞—â–∏—â–∞–π—Ç–µ –∫–æ–∂—É –æ—Ç —Å–æ–ª–Ω–µ—á–Ω—ã—Ö –ª—É—á–µ–π, –∏—Å–ø–æ–ª—å–∑—É—è —Å–æ–ª–Ω—Ü–µ–∑–∞—â–∏—Ç–Ω—ã–µ —Å—Ä–µ–¥—Å—Ç–≤–∞ —Å –≤—ã—Å–æ–∫–∏–º SPF.

2. **–ü—Ä–∞–≤–∏–ª—å–Ω–æ–µ –ø–∏—Ç–∞–Ω–∏–µ:**
   - –£–ø–æ—Ç—Ä–µ–±–ª—è–π—Ç–µ –ø—Ä–æ–¥—É–∫—Ç—ã, –±–æ–≥–∞—Ç—ã–µ –∞–Ω—Ç–∏–æ–∫—Å–∏–¥–∞–Ω—Ç–∞–º–∏ (—Ñ—Ä—É–∫—Ç—ã, –æ–≤–æ—â–∏, –æ—Ä–µ—Ö–∏, –∑–µ–ª—ë–Ω—ã–π —á–∞–π) –∏ –≤–∏—Ç–∞–º–∏–Ω–∞–º–∏, —Å–ø–æ—Å–æ–±—Å—Ç–≤—É—é—â–∏–º–∏ –∑–¥–æ—Ä–æ–≤—å—é –∫–æ–∂–∏.
   - –ü–µ–π—Ç–µ –¥–æ—Å—Ç–∞—Ç–æ—á–Ω–æ–µ –∫–æ–ª–∏—á–µ—Å—Ç–≤–æ –≤–æ–¥—ã –¥–ª—è –ø–æ–¥–¥–µ—Ä–∂–∞–Ω–∏—è –≥–∏–¥—Ä–∞—Ç–∞—Ü–∏–∏ –∫–æ–∂–∏.

3. **–§–∏–∑–∏—á–µ—Å–∫–∞—è –∞–∫—Ç–∏–≤–Ω–æ—Å—Ç—å:**
   - –†–µ–≥—É–ª—è—Ä–Ω—ã–µ —É–ø—Ä–∞–∂–Ω–µ–Ω–∏—è –ø–æ–º–æ–≥—É—Ç —É–ª—É—á—à–∏—Ç—å –æ–±—â–µ–µ —Å–æ—Å—Ç–æ—è–Ω–∏–µ –æ—Ä–≥–∞–Ω–∏–∑–º–∞ –∏ –∫—Ä–æ–≤–æ–æ–±—Ä–∞—â–µ–Ω–∏–µ, —á—Ç–æ –ø–æ–ª–æ–∂–∏—Ç–µ–ª—å–Ω–æ —Å–∫–∞–∂–µ—Ç—Å—è –Ω–∞ –∫–æ–∂–µ.
   -"
649558017,2025-04-20T09:42:17.074705,user_message,–ö–∞–∫ –Ω–µ –ø–µ—Ä–µ–µ–¥–∞—Ç—å?
649558017,2025-04-20T09:42:20.298427,gpt_reply,"–ß—Ç–æ–±—ã –Ω–µ –ø–µ—Ä–µ–µ–¥–∞—Ç—å, –º–æ–∂–Ω–æ –≤–æ—Å–ø–æ–ª—å–∑–æ–≤–∞—Ç—å—Å—è —Å–ª–µ–¥—É—é—â–∏–º–∏ —Å–æ–≤–µ—Ç–∞–º–∏:

1. **–ü–ª–∞–Ω–∏—Ä—É–π—Ç–µ –ø—Ä–∏—ë–º—ã –ø–∏—â–∏ –∑–∞—Ä–∞–Ω–µ–µ.** –°–æ—Å—Ç–∞–≤–ª—è–π—Ç–µ –º–µ–Ω—é –Ω–∞ –¥–µ–Ω—å –∏–ª–∏ –Ω–µ–¥–µ–ª—é, —á—Ç–æ–±—ã –∏–∑–±–µ–∂–∞—Ç—å –∏–º–ø—É–ª—å—Å–∏–≤–Ω—ã—Ö –ø–æ–∫—É–ø–æ–∫ –∏ –≤—ã–±–æ—Ä–∞ –≤—ã—Å–æ–∫–æ–∫–∞–ª–æ—Ä–∏–π–Ω–æ–π –ø–∏—â–∏.

2. **–°–ª–µ–¥–∏—Ç–µ –∑–∞ —Ä–∞–∑–º–µ—Ä–æ–º –ø–æ—Ä—Ü–∏–π.** –ò—Å–ø–æ–ª—å–∑—É–π—Ç–µ –∫—É—Ö–æ–Ω–Ω—ã–µ –≤–µ—Å—ã –∏–ª–∏ —Å–ø–µ—Ü–∏–∞–ª—å–Ω—ã–µ –º–µ—Ä–Ω—ã–µ —Å—Ç–∞–∫–∞–Ω—ã, —á—Ç–æ–±—ã –∫–æ–Ω—Ç—Ä–æ–ª–∏—Ä–æ–≤–∞—Ç—å –∫–æ–ª–∏—á–µ—Å—Ç–≤–æ –µ–¥—ã.

3. **–ï—à—å—Ç–µ –º–µ–¥–ª–µ–Ω–Ω–æ –∏ –æ—Å–æ–∑–Ω–∞–Ω–Ω–æ.** –î–∞–π—Ç–µ —Å–≤–æ–µ–º—É –æ—Ä–≥–∞–Ω–∏–∑–º—É –≤—Ä–µ–º—è —Ä–∞—Å–ø–æ–∑–Ω–∞—Ç—å —Å–∏–≥–Ω–∞–ª—ã –Ω–∞—Å—ã—â–µ–Ω–∏—è. –ù–µ –æ—Ç–≤–ª–µ–∫–∞–π—Ç–µ—Å—å –Ω–∞ —Ç–µ–ª–µ—Ñ–æ–Ω, —Ç–µ–ª–µ–≤–∏–∑–æ—Ä –∏–ª–∏ –∫–æ–º–ø—å—é—Ç–µ—Ä –≤–æ –≤—Ä–µ–º—è –µ–¥—ã.

4. **–ò–∑–±–µ–≥–∞–π—Ç–µ —Å—Ç—Ä–µ—Å—Å–∞.** –°—Ç—Ä–µ—Å—Å –º–æ–∂–µ—Ç –ø—Ä–∏–≤–µ—Å—Ç–∏ –∫ –ø–µ—Ä–µ–µ–¥–∞–Ω–∏—é. –ù–∞–π–¥–∏—Ç–µ —Å–ø–æ—Å–æ–±—ã —Å–ø—Ä–∞–≤–ª—è—Ç—å—Å—è —Å–æ —Å—Ç—Ä–µ—Å—Å–æ–º, –Ω–∞–ø—Ä–∏–º–µ—Ä, —á–µ—Ä–µ–∑ —Ñ–∏–∑–∏—á–µ—Å–∫—É—é –∞–∫—Ç–∏–≤–Ω–æ—Å—Ç—å, —Ö–æ–±–±–∏ –∏–ª–∏ –æ–±—â–µ–Ω–∏–µ —Å –±–ª–∏–∑–∫–∏–º–∏.

5. **–ü–µ–π—Ç–µ –¥–æ—Å—Ç–∞—Ç–æ—á–Ω–æ–µ –∫–æ–ª–∏—á–µ—Å—Ç–≤–æ –≤–æ–¥—ã.** –ò–Ω–æ–≥–¥–∞ —á—É–≤—Å—Ç–≤–æ –≥–æ–ª–æ–¥–∞ –º–æ–∂–Ω–æ –ø–µ—Ä–µ–ø—É—Ç–∞—Ç—å —Å –∂–∞–∂–¥–æ–π. –ü–µ—Ä–µ–¥ —Ç–µ–º –∫–∞–∫ –ø–µ—Ä–µ–∫—É—Å–∏—Ç—å, –≤—ã–ø–µ–π—Ç–µ —Å—Ç–∞–∫–∞–Ω –≤–æ–¥—ã –∏ –ø–æ–¥–æ–∂–¥–∏—Ç–µ –Ω–µ–∫–æ—Ç–æ—Ä–æ–µ –≤—Ä–µ–º—è.

6. **–í—ã–±–∏—Ä–∞–π—Ç–µ –ø—Ä–æ–¥—É–∫—Ç—ã, –±–æ–≥–∞—Ç—ã–µ –ø–∏—Ç–∞—Ç–µ–ª—å–Ω—ã–º–∏ –≤–µ—â–µ—Å—Ç–≤–∞–º–∏.** –û—Ç–¥–∞–≤–∞–π—Ç–µ –ø—Ä–µ–¥–ø–æ—á—Ç–µ–Ω–∏–µ —Ü–µ–ª—å–Ω–æ–∑–µ—Ä–Ω–æ–≤—ã–º –ø—Ä–æ–¥—É–∫—Ç–∞–º, –æ–≤–æ—â–∞–º, —Ñ—Ä—É–∫—Ç–∞–º,"
414198461,2025-04-20T09:42:20.402686,user_message,–ö–∞–∫ –ø–æ–∫—Ä–∞—Å–∏—Ç—å —è–π—Ü–∞?
414198461,2025-04-20T09:42:23.658328,gpt_reply,"–ß—Ç–æ–±—ã –ø–æ–∫—Ä–∞—Å–∏—Ç—å —è–π—Ü–∞, –≤–∞–º –ø–æ–Ω–∞–¥–æ–±—è—Ç—Å—è:

1. **–Ø–π—Ü–∞.** –í—ã–±–µ—Ä–∏—Ç–µ —Å–≤–µ–∂–∏–µ —è–π—Ü–∞ —Å –≥–ª–∞–¥–∫–æ–π –∏ —á–∏—Å—Ç–æ–π —Å–∫–æ—Ä–ª—É–ø–æ–π.
2. **–ü–∏—â–µ–≤—ã–µ –∫—Ä–∞—Å–∏—Ç–µ–ª–∏ –∏–ª–∏ –Ω–∞—Ç—É—Ä–∞–ª—å–Ω—ã–µ –∏–Ω–≥—Ä–µ–¥–∏–µ–Ω—Ç—ã.** –ú–æ–∂–Ω–æ –∏—Å–ø–æ–ª—å–∑–æ–≤–∞—Ç—å —Å–ø–µ—Ü–∏–∞–ª—å–Ω—ã–µ –ø–∏—â–µ–≤—ã–µ –∫—Ä–∞—Å–∏—Ç–µ–ª–∏, –∫–æ—Ç–æ—Ä—ã–µ –ø—Ä–æ–¥–∞—é—Ç—Å—è –≤ –º–∞–≥–∞–∑–∏–Ω–∞—Ö, –∏–ª–∏ –Ω–∞—Ç—É—Ä–∞–ª—å–Ω—ã–µ –∏–Ω–≥—Ä–µ–¥–∏–µ–Ω—Ç—ã, —Ç–∞–∫–∏–µ –∫–∞–∫ –ª—É–∫–æ–≤–∞—è —à–µ–ª—É—Ö–∞, –∫—É—Ä–∫—É–º–∞, —Å–≤–µ–∫–æ–ª—å–Ω—ã–π —Å–æ–∫ –∏ —Ç. –¥.
3. **–£–∫—Å—É—Å.** –ï—Å–ª–∏ –≤—ã –∏—Å–ø–æ–ª—å–∑—É–µ—Ç–µ –Ω–∞—Ç—É—Ä–∞–ª—å–Ω—ã–µ –∫—Ä–∞—Å–∏—Ç–µ–ª–∏, —É–∫—Å—É—Å –ø–æ–º–æ–∂–µ—Ç –∑–∞–∫—Ä–µ–ø–∏—Ç—å —Ü–≤–µ—Ç –Ω–∞ —Å–∫–æ—Ä–ª—É–ø–µ.
4. **–ö–∞—Å—Ç—Ä—é–ª—è.** –í—ã–±–µ—Ä–∏—Ç–µ –∫–∞—Å—Ç—Ä—é–ª—é, –∫–æ—Ç–æ—Ä–∞—è –ø–æ–¥—Ö–æ–¥–∏—Ç –ø–æ —Ä–∞–∑–º–µ—Ä—É –¥–ª—è –∫–æ–ª–∏—á–µ—Å—Ç–≤–∞ —è–∏—Ü, –∫–æ—Ç–æ—Ä—ã–µ –≤—ã —Å–æ–±–∏—Ä–∞–µ—Ç–µ—Å—å –∫—Ä–∞—Å–∏—Ç—å.
5. **–í–æ–¥–∞.**
6. **–õ–æ–∂–∫–∞ –∏–ª–∏ —à–ø–∞—Ç–µ–ª—å.** –î–ª—è –ø–µ—Ä–µ–º–µ—à–∏–≤–∞–Ω–∏—è –∫—Ä–∞—Å–∏—Ç–µ–ª—è –≤ –≤–æ–¥–µ.
7. **–¢—Ä—è–ø–æ—á–∫–∞ –∏–ª–∏ –±—É–º–∞–∂–Ω—ã–µ –ø–æ–ª–æ—Ç–µ–Ω—Ü–∞.** –ß—Ç–æ–±—ã –ø—Ä–æ—Ç–µ—Ä–µ—Ç—å —è–π—Ü–∞ –ø–æ—Å–ª–µ –æ–∫—Ä–∞—à–∏–≤–∞–Ω–∏—è.

**–®–∞–≥–∏:**

1. **–ü–æ–¥–≥–æ—Ç–æ–≤–∫–∞ —è–∏—Ü.** –¢—â–∞—Ç–µ–ª—å–Ω–æ –≤—ã–º–æ–π—Ç–µ —è–π—Ü–∞ –ø–µ—Ä–µ–¥ –æ–∫—Ä–∞—à–∏–≤–∞–Ω–∏–µ–º, —á—Ç–æ–±—ã —É–¥–∞–ª–∏—Ç—å –ª—é–±—ã–µ –∑–∞–≥—Ä—è–∑–Ω–µ–Ω–∏—è.
2. **–ü—Ä–∏–≥–æ—Ç–æ–≤–ª–µ–Ω–∏–µ –∫—Ä–∞—Å–∏—Ç–µ–ª—è.** –ï—Å–ª–∏ –≤—ã –∏—Å–ø–æ–ª—å–∑—É–µ—Ç–µ –ø–∏—â–µ–≤—ã–µ –∫—Ä–∞—Å–∏—Ç–µ–ª–∏, —Å–ª–µ–¥—É–π—Ç–µ –∏–Ω—Å—Ç—Ä—É–∫—Ü–∏—è–º –Ω–∞"
1197650913,2025-04-20T09:42:53.380990,user_message,–•–æ—Ä–æ—à–æ.
1197650913,2025-04-20T09:42:53.700111,gpt_reply,"–£—Ç–æ—á–Ω–∏—Ç–µ, –ø–æ–∂–∞–ª—É–π—Å—Ç–∞, –≤–∞—à –≤–æ–ø—Ä–æ—Å. –ß—Ç–æ –Ω—É–∂–Ω–æ —Å–¥–µ–ª–∞—Ç—å?"
1029765315,2025-04-20T09:42:55.762918,user_message,–ö–∞–∫–∏–º –æ–±—Ä–∞–∑–æ–º –æ–Ω –≤—ã—Ä–∞–±–∞—Ç—ã–≤–∞–µ—Ç —ç–Ω–µ—Ä–≥–∏—é –¥–ª—è –ø–æ–¥–¥–µ—Ä–∂–∞–Ω–∏—è —Å–≤–æ–µ–π —Ä–∞–±–æ—Ç–æ—Å–ø–æ—Å–æ–±–Ω–æ—Å—Ç–∏
1029765315,2025-04-20T09:42:58.959743,gpt_reply,"–£—Ç–æ—á–Ω–∏—Ç–µ, –ø–æ–∂–∞–ª—É–π—Å—Ç–∞, –æ –∫–æ–º –∏–¥—ë—Ç —Ä–µ—á—å. –ë–µ–∑ —ç—Ç–æ–π –∏–Ω—Ñ–æ—Ä–º–∞—Ü–∏–∏ –Ω–µ–≤–æ–∑–º–æ–∂–Ω–æ –¥–∞—Ç—å —Ç–æ—á–Ω—ã–π –æ—Ç–≤–µ—Ç.

–û–¥–Ω–∞–∫–æ —è –º–æ–≥—É —Ä–∞—Å—Å–∫–∞–∑–∞—Ç—å –æ–± –æ—Å–Ω–æ–≤–Ω—ã—Ö —Å–ø–æ—Å–æ–±–∞—Ö –≤—ã—Ä–∞–±–æ—Ç–∫–∏ —ç–Ω–µ—Ä–≥–∏–∏ –≤ –∂–∏–≤—ã—Ö –æ—Ä–≥–∞–Ω–∏–∑–º–∞—Ö.

–í—Å–µ –∂–∏–≤—ã–µ –æ—Ä–≥–∞–Ω–∏–∑–º—ã, –æ—Ç –º–∏–∫—Ä–æ—Å–∫–æ–ø–∏—á–µ—Å–∫–∏—Ö –±–∞–∫—Ç–µ—Ä–∏–π –¥–æ —Å–ª–æ–∂–Ω—ã—Ö –º–Ω–æ–≥–æ–∫–ª–µ—Ç–æ—á–Ω—ã—Ö —Å—É—â–µ—Å—Ç–≤, –≤—ã—Ä–∞–±–∞—Ç—ã–≤–∞—é—Ç —ç–Ω–µ—Ä–≥–∏—é –¥–ª—è –ø–æ–¥–¥–µ—Ä–∂–∞–Ω–∏—è —Å–≤–æ–µ–π –∂–∏–∑–Ω–µ–¥–µ—è—Ç–µ–ª—å–Ω–æ—Å—Ç–∏. –≠—Ç–æ—Ç –ø—Ä–æ—Ü–µ—Å—Å –Ω–∞–∑—ã–≤–∞–µ—Ç—Å—è **—ç–Ω–µ—Ä–≥–µ—Ç–∏—á–µ—Å–∫–∏–º –æ–±–º–µ–Ω–æ–º** –∏ –≤–∫–ª—é—á–∞–µ—Ç –≤ —Å–µ–±—è —Ä—è–¥ —Ö–∏–º–∏—á–µ—Å–∫–∏—Ö —Ä–µ–∞–∫—Ü–∏–π.

**–£ —Ä–∞—Å—Ç–µ–Ω–∏–π –∏ –Ω–µ–∫–æ—Ç–æ—Ä—ã—Ö –±–∞–∫—Ç–µ—Ä–∏–π** –µ—Å—Ç—å —É–Ω–∏–∫–∞–ª—å–Ω–∞—è —Å–ø–æ—Å–æ–±–Ω–æ—Å—Ç—å –ø—Ä–µ–æ–±—Ä–∞–∑–æ–≤—ã–≤–∞—Ç—å —ç–Ω–µ—Ä–≥–∏—é —Å–æ–ª–Ω–µ—á–Ω–æ–≥–æ —Å–≤–µ—Ç–∞ –≤ —Ö–∏–º–∏—á–µ—Å–∫—É—é —ç–Ω–µ—Ä–≥–∏—é –ø–æ—Å—Ä–µ–¥—Å—Ç–≤–æ–º —Ñ–æ—Ç–æ—Å–∏–Ω—Ç–µ–∑–∞. –≠—Ç–æ—Ç –ø—Ä–æ—Ü–µ—Å—Å –ø—Ä–æ–∏—Å—Ö–æ–¥–∏—Ç –≤ —Ö–ª–æ—Ä–æ–ø–ª–∞—Å—Ç–∞—Ö, –≥–¥–µ —É–≥–ª–µ–∫–∏—Å–ª—ã–π –≥–∞–∑ –∏ –≤–æ–¥–∞ –ø—Ä–µ–≤—Ä–∞—â–∞—é—Ç—Å—è –≤ –≥–ª—é–∫–æ–∑—É –∏ –∫–∏—Å–ª–æ—Ä–æ–¥. –ì–ª—é–∫–æ–∑–∞ –∑–∞—Ç–µ–º –∏—Å–ø–æ–ª—å–∑—É–µ—Ç—Å—è –∫–∞–∫ –∏—Å—Ç–æ—á–Ω–∏–∫ —ç–Ω–µ—Ä–≥–∏–∏.

**–ñ–∏–≤–æ—Ç–Ω—ã–µ –∏ –¥—Ä—É–≥–∏–µ –≥–µ—Ç–µ—Ä–æ—Ç—Ä–æ—Ñ–Ω—ã–µ –æ—Ä–≥–∞–Ω–∏–∑–º—ã** –Ω–µ –º–æ–≥—É—Ç –∏—Å–ø–æ–ª—å–∑–æ–≤–∞—Ç—å —Å–æ–ª–Ω–µ—á–Ω—ã–π —Å–≤–µ—Ç –≤ –∫–∞—á–µ—Å—Ç–≤–µ –∏—Å—Ç–æ—á–Ω–∏–∫–∞ —ç–Ω–µ—Ä–≥–∏–∏. –û–Ω–∏ –ø–æ–ª—É—á–∞—é—Ç —ç–Ω–µ—Ä–≥–∏—é –∏–∑ –ø–∏—â–∏, –∫–æ—Ç–æ—Ä—É—é –ø–æ—Ç—Ä–µ–±–ª—è—é—Ç. –í –ø—Ä–æ—Ü–µ—Å—Å–µ, –∏–∑–≤–µ—Å—Ç–Ω–æ–º –∫–∞–∫ –∫–ª–µ—Ç–æ—á–Ω–æ–µ –¥—ã—Ö–∞–Ω–∏–µ, –æ—Ä–≥–∞–Ω–∏–∑–º—ã —Ä–∞—Å—â–µ–ø–ª—è—é—Ç —É–≥–ª–µ–≤–æ–¥—ã, –∂–∏—Ä—ã –∏ –±–µ–ª–∫–∏ –Ω–∞ –±–æ–ª–µ–µ –º–µ–ª–∫–∏–µ –º–æ–ª–µ–∫—É–ª—ã, –≤—ã—Å–≤–æ–±–æ–∂–¥–∞—è —ç–Ω–µ—Ä–≥–∏—é, –∫–æ—Ç–æ—Ä–∞—è –∑–∞—Ç–µ–º –∑–∞–ø–∞—Å–∞–µ—Ç—Å—è"
649558017,2025-04-20T09:42:59.041074,user_message,–°–∫–æ–ª—å–∫–æ –Ω—É–∂–Ω–æ –≤—Ä–µ–º–µ–Ω–∏ —á—Ç–æ–±—ã —Å–∏–ª—å–Ω–æ –Ω–∞–∫–∞—á–∞—Ç—å—Å—è ?
649558017,2025-04-20T09:43:02.241539,gpt_reply,"–í—Ä–µ–º—è, –Ω–µ–æ–±—Ö–æ–¥–∏–º–æ–µ –¥–ª—è –¥–æ—Å—Ç–∏–∂–µ–Ω–∏—è –∑–Ω–∞—á–∏—Ç–µ–ª—å–Ω–æ–≥–æ —É—Ä–æ–≤–Ω—è —Ñ–∏–∑–∏—á–µ—Å–∫–æ–π –ø–æ–¥–≥–æ—Ç–æ–≤–∫–∏ –∏ –Ω–∞–±–æ—Ä–∞ –º—ã—à–µ—á–Ω–æ–π –º–∞—Å—Å—ã, –∑–∞–≤–∏—Å–∏—Ç –æ—Ç –º–Ω–æ–∂–µ—Å—Ç–≤–∞ —Ñ–∞–∫—Ç–æ—Ä–æ–≤, –≤–∫–ª—é—á–∞—è –≥–µ–Ω–µ—Ç–∏–∫—É, –ø–∏—Ç–∞–Ω–∏–µ, —Ä–µ–∂–∏–º —Ç—Ä–µ–Ω–∏—Ä–æ–≤–æ–∫, –æ—Ç–¥—ã—Ö –∏ –æ–±—â–µ–µ —Å–æ—Å—Ç–æ—è–Ω–∏–µ –∑–¥–æ—Ä–æ–≤—å—è. –ù–µ —Å—É—â–µ—Å—Ç–≤—É–µ—Ç –æ–¥–Ω–æ–∑–Ω–∞—á–Ω–æ–≥–æ –æ—Ç–≤–µ—Ç–∞ –Ω–∞ –≤–æ–ø—Ä–æ—Å –æ —Ç–æ–º, —Å–∫–æ–ª—å–∫–æ –≤—Ä–µ–º–µ–Ω–∏ –ø–æ—Ç—Ä–µ–±—É–µ—Ç—Å—è, —á—Ç–æ–±—ã —Å–∏–ª—å–Ω–æ –Ω–∞–∫–∞—á–∞—Ç—å—Å—è, –ø–æ—Å–∫–æ–ª—å–∫—É —ç—Ç–æ –æ—á–µ–Ω—å –∏–Ω–¥–∏–≤–∏–¥—É–∞–ª—å–Ω—ã–π –ø—Ä–æ—Ü–µ—Å—Å.

–ù–µ–∫–æ—Ç–æ—Ä—ã–µ –ª—é–¥–∏ –º–æ–≥—É—Ç –∑–∞–º–µ—Ç–∏—Ç—å –∑–∞–º–µ—Ç–Ω—ã–µ –∏–∑–º–µ–Ω–µ–Ω–∏—è –≤ —Å–≤–æ–µ–π —Ñ–∏–∑–∏—á–µ—Å–∫–æ–π —Ñ–æ—Ä–º–µ —É–∂–µ —á–µ—Ä–µ–∑ –Ω–µ—Å–∫–æ–ª—å–∫–æ –º–µ—Å—è—Ü–µ–≤ —Ä–µ–≥—É–ª—è—Ä–Ω—ã—Ö —Ç—Ä–µ–Ω–∏—Ä–æ–≤–æ–∫ –∏ –ø—Ä–∞–≤–∏–ª—å–Ω–æ–≥–æ –ø–∏—Ç–∞–Ω–∏—è, –≤ —Ç–æ –≤—Ä–µ–º—è –∫–∞–∫ –¥—Ä—É–≥–∏–º –º–æ–∂–µ—Ç –ø–æ—Ç—Ä–µ–±–æ–≤–∞—Ç—å—Å—è –≥–æ—Ä–∞–∑–¥–æ –±–æ–ª—å—à–µ –≤—Ä–µ–º–µ–Ω–∏. –í–∞–∂–Ω–æ –ø–æ–º–Ω–∏—Ç—å, —á—Ç–æ –Ω–∞–∫–∞—á–∏–≤–∞–Ω–∏–µ –º—ã—à—Ü ‚Äî —ç—Ç–æ –¥–æ–ª–≥–æ—Å—Ä–æ—á–Ω—ã–π –ø—Ä–æ—Ü–µ—Å—Å, –∫–æ—Ç–æ—Ä—ã–π —Ç—Ä–µ–±—É–µ—Ç —Ç–µ—Ä–ø–µ–Ω–∏—è, –ø–æ—Å–ª–µ–¥–æ–≤–∞—Ç–µ–ª—å–Ω–æ—Å—Ç–∏ –∏ —Ü–µ–ª–µ—É—Å—Ç—Ä–µ–º–ª—ë–Ω–Ω–æ—Å—Ç–∏.

–í–æ—Ç –Ω–µ—Å–∫–æ–ª—å–∫–æ –∫–ª—é—á–µ–≤—ã—Ö –º–æ–º–µ–Ω—Ç–æ–≤, –∫–æ—Ç–æ—Ä—ã–µ —Å—Ç–æ–∏—Ç —É—á–∏—Ç—ã–≤–∞—Ç—å:

1. **–ì–µ–Ω–µ—Ç–∏–∫–∞**: –Ω–µ–∫–æ—Ç–æ—Ä—ã–µ –ª—é–¥–∏ –∏–º–µ—é—Ç –±–æ–ª–µ–µ –±—ã—Å—Ç—Ä—ã–π –º–µ—Ç–∞–±–æ–ª–∏–∑–º –∏ –ª–µ–≥—á–µ –Ω–∞–±–∏—Ä–∞—é—Ç –º—ã—à–µ—á–Ω—É—é –º–∞—Å—Å—É, –≤ —Ç–æ –≤—Ä–µ–º—è –∫–∞–∫ –¥—Ä—É–≥–∏–º —ç—Ç–æ –º–æ–∂–µ—Ç –±—ã—Ç—å —Å–ª–æ–∂–Ω–µ–µ.
2. **–ü–∏—Ç–∞–Ω–∏–µ**: —Å–±–∞–ª–∞–Ω—Å–∏—Ä–æ–≤–∞–Ω–Ω–æ–µ –ø–∏—Ç–∞–Ω–∏–µ, –±–æ–≥–∞—Ç–æ–µ –±–µ–ª–∫–∞–º–∏, —É–≥–ª–µ–≤–æ–¥–∞–º–∏ –∏ –∑–¥–æ—Ä–æ–≤—ã–º–∏ –∂–∏—Ä–∞–º–∏, —è–≤–ª—è–µ—Ç—Å—è –∫–ª—é—á–µ–≤—ã–º –¥–ª—è —Ä–æ—Å—Ç–∞ –º—ã—à—Ü.
3. **–¢—Ä–µ–Ω–∏—Ä–æ–≤–∫–∏**: —Ä–µ–≥—É–ª—è—Ä–Ω—ã–µ –∏ —Ä–∞–∑–Ω–æ–æ–±—Ä–∞–∑–Ω—ã–µ —Ç—Ä–µ–Ω–∏—Ä–æ–≤–∫–∏,"
1029765315,2025-04-20T09:43:24.068322,user_message,–ö–∞–∫–∏–º –æ–±—Ä–∞–∑–æ–º ¬´–í–æ—è–¥–∂–µ—Ä-1¬ª –≤—ã—Ä–∞–±–∞—Ç—ã–≤–∞–µ—Ç —ç–Ω–µ—Ä–≥–∏—é –¥–ª—è –ø–æ–¥–¥–µ—Ä–∂–∞–Ω–∏—è —Å–≤–æ–µ–π —Ä–∞–±–æ—Ç–æ—Å–ø–æ—Å–æ–±–Ω–æ—Å—Ç–∏
1029765315,2025-04-20T09:43:27.169445,gpt_reply,"¬´–í–æ—è–¥–∂–µ—Ä-1¬ª ‚Äî —ç—Ç–æ –∫–æ—Å–º–∏—á–µ—Å–∫–∏–π –∞–ø–ø–∞—Ä–∞—Ç, –∑–∞–ø—É—â–µ–Ω–Ω—ã–π NASA –¥–ª—è –∏—Å—Å–ª–µ–¥–æ–≤–∞–Ω–∏—è –≤–Ω–µ—à–Ω–∏—Ö –ø–ª–∞–Ω–µ—Ç –°–æ–ª–Ω–µ—á–Ω–æ–π —Å–∏—Å—Ç–µ–º—ã. –û–Ω –∏—Å–ø–æ–ª—å–∑—É–µ—Ç –Ω–µ—Å–∫–æ–ª—å–∫–æ –∏—Å—Ç–æ—á–Ω–∏–∫–æ–≤ —ç–Ω–µ—Ä–≥–∏–∏ –¥–ª—è –ø–æ–¥–¥–µ—Ä–∂–∞–Ω–∏—è —Å–≤–æ–µ–π —Ä–∞–±–æ—Ç–æ—Å–ø–æ—Å–æ–±–Ω–æ—Å—Ç–∏:

1. **–†–∞–¥–∏–æ–∏–∑–æ—Ç–æ–ø–Ω—ã–π —Ç–µ—Ä–º–æ—ç–ª–µ–∫—Ç—Ä–∏—á–µ—Å–∫–∏–π –≥–µ–Ω–µ—Ä–∞—Ç–æ—Ä (–†–ò–¢–≠–ì)**. –û—Å–Ω–æ–≤–Ω—ã–º –∏—Å—Ç–æ—á–Ω–∏–∫–æ–º —ç–Ω–µ—Ä–≥–∏–∏ –¥–ª—è ¬´–í–æ—è–¥–∂–µ—Ä–∞-1¬ª —è–≤–ª—è–µ—Ç—Å—è —Ä–∞–¥–∏–æ–∏–∑–æ—Ç–æ–ø–Ω—ã–π —Ç–µ—Ä–º–æ—ç–ª–µ–∫—Ç—Ä–∏—á–µ—Å–∫–∏–π –≥–µ–Ω–µ—Ä–∞—Ç–æ—Ä. –í –Ω—ë–º –∏—Å–ø–æ–ª—å–∑—É–µ—Ç—Å—è —Ä–∞—Å–ø–∞–¥ –ø–ª—É—Ç–æ–Ω–∏—è-238, –∫–æ—Ç–æ—Ä—ã–π –≤—ã–¥–µ–ª—è–µ—Ç —Ç–µ–ø–ª–æ. –≠—Ç–æ —Ç–µ–ø–ª–æ –∑–∞—Ç–µ–º –ø—Ä–µ–æ–±—Ä–∞–∑—É–µ—Ç—Å—è –≤ —ç–ª–µ–∫—Ç—Ä–∏—á–µ—Å—Ç–≤–æ —Å –ø–æ–º–æ—â—å—é —Ç–µ—Ä–º–æ—ç–ª–µ–∫—Ç—Ä–∏—á–µ—Å–∫–∏—Ö –≥–µ–Ω–µ—Ä–∞—Ç–æ—Ä–æ–≤. –†–ò–¢–≠–ì –æ–±–µ—Å–ø–µ—á–∏–≤–∞–µ—Ç ¬´–í–æ—è–¥–∂–µ—Ä-1¬ª –ø—Ä–∞–∫—Ç–∏—á–µ—Å–∫–∏ –Ω–µ–æ–≥—Ä–∞–Ω–∏—á–µ–Ω–Ω—ã–º –∏—Å—Ç–æ—á–Ω–∏–∫–æ–º —ç–Ω–µ—Ä–≥–∏–∏ –Ω–∞ –ø—Ä–æ—Ç—è–∂–µ–Ω–∏–∏ –º–Ω–æ–≥–∏—Ö –ª–µ—Ç.

2. **–°–æ–ª–Ω–µ—á–Ω—ã–µ –±–∞—Ç–∞—Ä–µ–∏**. –•–æ—Ç—è ¬´–í–æ—è–¥–∂–µ—Ä-1¬ª –Ω–∞—Ö–æ–¥–∏—Ç—Å—è –¥–∞–ª–µ–∫–æ –æ—Ç –°–æ–ª–Ω—Ü–∞, –Ω–∞ –Ω–∞—á–∞–ª—å–Ω—ã—Ö —ç—Ç–∞–ø–∞—Ö –º–∏—Å—Å–∏–∏ —Å–æ–ª–Ω–µ—á–Ω—ã–µ –±–∞—Ç–∞—Ä–µ–∏ —Ç–∞–∫–∂–µ –∏—Å–ø–æ–ª—å–∑–æ–≤–∞–ª–∏—Å—å –¥–ª—è –≥–µ–Ω–µ—Ä–∞—Ü–∏–∏ —ç–ª–µ–∫—Ç—Ä–æ—ç–Ω–µ—Ä–≥–∏–∏. –û–Ω–∏ –æ—Å–æ–±–µ–Ω–Ω–æ –ø–æ–ª–µ–∑–Ω—ã, –∫–æ–≥–¥–∞ –∞–ø–ø–∞—Ä–∞—Ç –Ω–∞—Ö–æ–¥–∏—Ç—Å—è –≤ –æ–±–ª–∞—Å—Ç—è—Ö –°–æ–ª–Ω–µ—á–Ω–æ–π —Å–∏—Å—Ç–µ–º—ã, –≥–¥–µ —É—Ä–æ–≤–µ–Ω—å —Å–æ–ª–Ω–µ—á–Ω–æ–≥–æ –∏–∑–ª—É—á–µ–Ω–∏—è –¥–æ—Å—Ç–∞—Ç–æ—á–Ω–æ –≤—ã—Å–æ–∫ –¥–ª—è –∑–∞—Ä—è–¥–∫–∏ –±–∞—Ç–∞—Ä–µ–π."
1197650913,2025-04-20T09:43:27.745648,user_message,–ê —Ç—ã –º–æ–∂–µ—à—å —Å–¥–µ–ª–∞—Ç—å?
1197650913,2025-04-20T09:43:28.100279,gpt_reply,"–î–∞, —è –º–æ–≥—É –ø–æ–º–æ—á—å –≤–∞–º —Å —Ä–∞–∑–ª–∏—á–Ω—ã–º–∏ –∑–∞–¥–∞—á–∞–º–∏. –ü–æ–∂–∞–ª—É–π—Å—Ç–∞, —É—Ç–æ—á–Ω–∏—Ç–µ –≤–∞—à –∑–∞–ø—Ä–æ—Å."
1029765315,2025-04-20T09:44:16.925335,user_message,–†–∞—Å—Å–∫–∞–∂–∏ –æ —è–¥–µ—Ä–Ω—ã—Ö —Ä–∞–∫–µ—Ç–Ω—ã—Ö –¥–≤–∏–≥–∞—Ç–µ–ª—è—Ö
1029765315,2025-04-20T09:44:20.282521,gpt_reply,"**–Ø–¥–µ—Ä–Ω—ã–µ —Ä–∞–∫–µ—Ç–Ω—ã–µ –¥–≤–∏–≥–∞—Ç–µ–ª–∏** ‚Äî —ç—Ç–æ —Ç–∏–ø —Ä–∞–∫–µ—Ç–Ω—ã—Ö –¥–≤–∏–≥–∞—Ç–µ–ª–µ–π, –≤ –∫–æ—Ç–æ—Ä—ã—Ö –¥–ª—è —Å–æ–∑–¥–∞–Ω–∏—è —Ç—è–≥–∏ –∏—Å–ø–æ–ª—å–∑—É–µ—Ç—Å—è —Ç–µ–ø–ª–æ—Ç–∞, –≤—ã–¥–µ–ª—è—é—â–∞—è—Å—è –≤ —è–¥–µ—Ä–Ω–æ–º —Ä–µ–∞–∫—Ç–æ—Ä–µ. –û–Ω–∏ –º–æ–≥—É—Ç –∏—Å–ø–æ–ª—å–∑–æ–≤–∞—Ç—å —Ä–∞–∑–ª–∏—á–Ω—ã–µ —Ç–∏–ø—ã —Ç–æ–ø–ª–∏–≤–∞, –≤–∫–ª—é—á–∞—è –∂–∏–¥–∫–∏–µ –∏ —Ç–≤—ë—Ä–¥—ã–µ –≤–µ—â–µ—Å—Ç–≤–∞.

**–ü—Ä–∏–Ω—Ü–∏–ø —Ä–∞–±–æ—Ç—ã**

–í —è–¥–µ—Ä–Ω–æ–º —Ä–∞–∫–µ—Ç–Ω–æ–º –¥–≤–∏–≥–∞—Ç–µ–ª–µ —Ç–µ–ø–ª–æ—Ç–∞, –≤—ã–¥–µ–ª—è—é—â–∞—è—Å—è –≤ —è–¥–µ—Ä–Ω–æ–º —Ä–µ–∞–∫—Ç–æ—Ä–µ, –Ω–∞–≥—Ä–µ–≤–∞–µ—Ç —Ä–∞–±–æ—á–µ–µ —Ç–µ–ª–æ (–≥–∞–∑ –∏–ª–∏ –∂–∏–¥–∫–æ—Å—Ç—å), –∫–æ—Ç–æ—Ä–æ–µ –∑–∞—Ç–µ–º –≤—ã–±—Ä–∞—Å—ã–≤–∞–µ—Ç—Å—è –∏–∑ —Å–æ–ø–ª–∞, —Å–æ–∑–¥–∞–≤–∞—è —Ä–µ–∞–∫—Ç–∏–≤–Ω—É—é —Ç—è–≥—É.

**–¢–∏–ø—ã —è–¥–µ—Ä–Ω—ã—Ö —Ä–∞–∫–µ—Ç–Ω—ã—Ö –¥–≤–∏–≥–∞—Ç–µ–ª–µ–π**

* **–¢–≤–µ—Ä–¥–æ—Ç–æ–ø–ª–∏–≤–Ω—ã–µ —è–¥–µ—Ä–Ω—ã–µ —Ä–∞–∫–µ—Ç–Ω—ã–µ –¥–≤–∏–≥–∞—Ç–µ–ª–∏ (–¢–†–î)** ‚Äî –∏—Å–ø–æ–ª—å–∑—É—é—Ç —Ç–≤—ë—Ä–¥–æ–µ —è–¥–µ—Ä–Ω–æ–µ —Ç–æ–ø–ª–∏–≤–æ, –∫–æ—Ç–æ—Ä–æ–µ –ø—Ä–∏ —Å–≥–æ—Ä–∞–Ω–∏–∏ –≤—ã–¥–µ–ª—è–µ—Ç —Ç–µ–ø–ª–æ—Ç—É.
* **–ñ–∏–¥–∫–æ—Å—Ç–Ω—ã–µ —è–¥–µ—Ä–Ω—ã–µ —Ä–∞–∫–µ—Ç–Ω—ã–µ –¥–≤–∏–≥–∞—Ç–µ–ª–∏ (–ñ–†–î)** ‚Äî —Ä–∞–±–æ—Ç–∞—é—Ç –Ω–∞ –∂–∏–¥–∫–æ–º —è–¥–µ—Ä–Ω–æ–º —Ç–æ–ø–ª–∏–≤–µ, –∫–æ—Ç–æ—Ä–æ–µ –º–æ–∂–µ—Ç –±—ã—Ç—å –±–æ–ª–µ–µ —ç—Ñ—Ñ–µ–∫—Ç–∏–≤–Ω—ã–º, —á–µ–º —Ç–≤—ë—Ä–¥–æ–µ.

**–ü—Ä–µ–∏–º—É—â–µ—Å—Ç–≤–∞ –∏ –Ω–µ–¥–æ—Å—Ç–∞—Ç–∫–∏**

–Ø–¥–µ—Ä–Ω—ã–µ —Ä–∞–∫–µ—Ç–Ω—ã–µ –¥–≤–∏–≥–∞—Ç–µ–ª–∏ –∏–º–µ—é—Ç —Ä—è–¥ –ø—Ä–µ–∏–º—É—â–µ—Å—Ç–≤ –∏ –Ω–µ–¥–æ—Å—Ç–∞—Ç–∫–æ–≤:

* **–ü—Ä–µ–∏–º—É—â–µ—Å—Ç–≤–∞:**
    * –í—ã—Å–æ–∫–∞—è"
1197650913,2025-04-20T09:44:27.242120,user_message,"–ü–æ–º–æ–≥–∏ –Ω–∞–π—Ç–∏ –•–æ—Ä–æ—à—É—é —Ä–∞–±–æ—Ç—É –∏  –Ω–∞—á–∞—Ç—å –ù–æ–≤—É—é, –°–∞–º–æ–¥–æ—Å—Ç–∞—Ç–æ—á–Ω—É—é –∏ –°—á–∞—Å—Ç–ª–∏–≤—É—é –ñ–∏–∑–Ω—å!"
1197650913,2025-04-20T09:44:30.735061,gpt_reply,"–Ø –Ω–µ –º–æ–≥—É –≥–∞—Ä–∞–Ω—Ç–∏—Ä–æ–≤–∞—Ç—å, —á—Ç–æ –ø—Ä–µ–¥–ª–æ–∂—É –≤–∞–º –∏–¥–µ–∞–ª—å–Ω–æ–µ —Ä–µ—à–µ–Ω–∏–µ, –Ω–æ –º–æ–≥—É –¥–∞—Ç—å –Ω–µ—Å–∫–æ–ª—å–∫–æ —Å–æ–≤–µ—Ç–æ–≤, –∫–æ—Ç–æ—Ä—ã–µ –ø–æ–º–æ–≥—É—Ç –≤–∞–º –Ω–∞–π—Ç–∏ —Ö–æ—Ä–æ—à—É—é —Ä–∞–±–æ—Ç—É –∏ –Ω–∞—á–∞—Ç—å –Ω–æ–≤—É—é, —Å–∞–º–æ–¥–æ—Å—Ç–∞—Ç–æ—á–Ω—É—é –∏ —Å—á–∞—Å—Ç–ª–∏–≤—É—é –∂–∏–∑–Ω—å:

1. **–û–ø—Ä–µ–¥–µ–ª–∏—Ç–µ —Å–≤–æ–∏ —Ü–µ–ª–∏ –∏ –ø—Ä–∏–æ—Ä–∏—Ç–µ—Ç—ã.** –ü—Ä–µ–∂–¥–µ —á–µ–º –Ω–∞—á–∞—Ç—å –∏—Å–∫–∞—Ç—å —Ä–∞–±–æ—Ç—É, –≤–∞–∂–Ω–æ –ø–æ–Ω—è—Ç—å, —á–µ–≥–æ –≤—ã —Ö–æ—Ç–∏—Ç–µ –¥–æ—Å—Ç–∏—á—å. –û–ø—Ä–µ–¥–µ–ª–∏—Ç–µ —Å–≤–æ–∏ –∫–∞—Ä—å–µ—Ä–Ω—ã–µ —Ü–µ–ª–∏, –∏–Ω—Ç–µ—Ä–µ—Å—ã –∏ —Ü–µ–Ω–Ω–æ—Å—Ç–∏. –≠—Ç–æ –ø–æ–º–æ–∂–µ—Ç –≤–∞–º —Å—É–∑–∏—Ç—å –∫—Ä—É–≥ –ø–æ–∏—Å–∫–∞ –∏ —Å–æ—Å—Ä–µ–¥–æ—Ç–æ—á–∏—Ç—å—Å—è –Ω–∞ –Ω–∞–∏–±–æ–ª–µ–µ –ø–æ–¥—Ö–æ–¥—è—â–∏—Ö –≤–∞—Ä–∏–∞–Ω—Ç–∞—Ö.

2. **–û–±–Ω–æ–≤–∏—Ç–µ —Å–≤–æ—ë —Ä–µ–∑—é–º–µ –∏ —Å–æ–ø—Ä–æ–≤–æ–¥–∏—Ç–µ–ª—å–Ω–æ–µ –ø–∏—Å—å–º–æ.** –£–±–µ–¥–∏—Ç–µ—Å—å, —á—Ç–æ –≤–∞—à–µ —Ä–µ–∑—é–º–µ –∞–∫—Ç—É–∞–ª—å–Ω–æ –∏ –æ—Ç—Ä–∞–∂–∞–µ—Ç –≤–∞—à –æ–ø—ã—Ç, –Ω–∞–≤—ã–∫–∏ –∏ –¥–æ—Å—Ç–∏–∂–µ–Ω–∏—è. –°–æ–ø—Ä–æ–≤–æ–¥–∏—Ç–µ–ª—å–Ω–æ–µ –ø–∏—Å—å–º–æ –¥–æ–ª–∂–Ω–æ –ø–æ–¥—á—ë—Ä–∫–∏–≤–∞—Ç—å –≤–∞—à—É –º–æ—Ç–∏–≤–∞—Ü–∏—é –∏ —Å–æ–æ—Ç–≤–µ—Ç—Å—Ç–≤–∏–µ —Ç—Ä–µ–±–æ–≤–∞–Ω–∏—è–º –∫–æ–Ω–∫—Ä–µ—Ç–Ω–æ–π –≤–∞–∫–∞–Ω—Å–∏–∏.

3. **–ò—Å–ø–æ–ª—å–∑—É–π—Ç–µ —Ä–∞–∑–ª–∏—á–Ω—ã–µ –∏—Å—Ç–æ—á–Ω–∏–∫–∏ –ø–æ–∏—Å–∫–∞ —Ä–∞–±–æ—Ç—ã.** –ù–µ –æ–≥—Ä–∞–Ω–∏—á–∏–≤–∞–π—Ç–µ—Å—å —Ç–æ–ª—å–∫–æ –æ–¥–Ω–∏–º —Å–∞–π—Ç–æ–º –ø–æ –ø–æ–∏—Å–∫—É —Ä–∞–±–æ—Ç—ã. –ò—Å–ø–æ–ª—å–∑—É–π—Ç–µ —Å–æ—Ü–∏–∞–ª—å–Ω—ã–µ —Å–µ—Ç–∏, –ø—Ä–æ—Ñ–µ—Å—Å–∏–æ–Ω–∞–ª—å–Ω—ã–µ —Å–æ–æ–±—â–µ—Å—Ç–≤–∞, —Ä–µ–∫–æ–º–µ–Ω–¥–∞—Ü–∏–∏ –¥—Ä—É–∑–µ–π –∏ –∑–Ω–∞–∫–æ–º—ã—Ö.

4. **–†–∞–∑–≤–∏–≤–∞–π—Ç–µ —Å–≤–æ–∏ –Ω–∞–≤—ã–∫–∏.** –ï—Å–ª–∏ –≤—ã –æ–±–Ω–∞—Ä—É–∂–∏—Ç–µ, —á—Ç–æ –≤–∞–º –Ω–µ —Ö–≤–∞—Ç–∞–µ—Ç –æ–ø—Ä–µ–¥–µ–ª—ë–Ω–Ω—ã—Ö –Ω–∞–≤—ã–∫–æ–≤ –¥–ª—è –ø–æ–ª—É—á–µ–Ω–∏—è –∂–µ–ª–∞–µ–º–æ–π —Ä–∞–±–æ—Ç—ã, —Ä–∞—Å—Å–º–æ—Ç—Ä–∏—Ç–µ –≤–æ–∑–º–æ–∂–Ω–æ—Å—Ç—å –ø—Ä–æ—Ö–æ–∂–¥–µ–Ω–∏—è –∫—É—Ä—Å–æ–≤ –∏–ª–∏ —Ç—Ä–µ–Ω–∏–Ω–≥–æ–≤."
1029765315,2025-04-20T09:45:29.894117,user_message,–ù–∞—Å–∫–æ–ª—å–∫–æ —Ä–µ–∞–ª—å–Ω–æ —Å–µ–π—á–∞—Å —Å–æ–∑–¥–∞—Ç—å —Ä–∞–±–æ—á–∏–π –∫–æ—Å–º–∏—á–µ—Å–∫–∏–π –∞–ø–ø–∞—Ä–∞—Ç –Ω–∞ —è–¥–µ—Ä–Ω–æ–º —Ä–∞–∫–µ—Ç–Ω–æ–º –¥–≤–∏–≥–∞—Ç–µ–ª–µ
1029765315,2025-04-20T09:45:33.178465,gpt_reply,"–°–æ–∑–¥–∞–Ω–∏–µ —Ä–∞–±–æ—á–µ–≥–æ –∫–æ—Å–º–∏—á–µ—Å–∫–æ–≥–æ –∞–ø–ø–∞—Ä–∞—Ç–∞ –Ω–∞ —è–¥–µ—Ä–Ω–æ–º —Ä–∞–∫–µ—Ç–Ω–æ–º –¥–≤–∏–≥–∞—Ç–µ–ª–µ —è–≤–ª—è–µ—Ç—Å—è —Å–ª–æ–∂–Ω–æ–π –∏ –º–Ω–æ–≥–æ–≥—Ä–∞–Ω–Ω–æ–π –∑–∞–¥–∞—á–µ–π, –∫–æ—Ç–æ—Ä–∞—è —Ç—Ä–µ–±—É–µ—Ç —É—á—ë—Ç–∞ –º–Ω–æ–∂–µ—Å—Ç–≤–∞ —Ñ–∞–∫—Ç–æ—Ä–æ–≤. –ù–∞ –¥–∞–Ω–Ω—ã–π –º–æ–º–µ–Ω—Ç –Ω–µ—Ç –æ–¥–Ω–æ–∑–Ω–∞—á–Ω–æ–≥–æ –æ—Ç–≤–µ—Ç–∞ –Ω–∞ –≤–æ–ø—Ä–æ—Å –æ —Ä–µ–∞–ª—å–Ω–æ—Å—Ç–∏ —Ç–∞–∫–æ–≥–æ –ø—Ä–æ–µ–∫—Ç–∞.

**–ü—Ä–µ–∏–º—É—â–µ—Å—Ç–≤–∞ —è–¥–µ—Ä–Ω—ã—Ö —Ä–∞–∫–µ—Ç–Ω—ã—Ö –¥–≤–∏–≥–∞—Ç–µ–ª–µ–π:**
* –≤—ã—Å–æ–∫–∞—è —Ç—è–≥–∞;
* –≤–æ–∑–º–æ–∂–Ω–æ—Å—Ç—å –º–Ω–æ–≥–æ–∫—Ä–∞—Ç–Ω–æ–≥–æ –∏—Å–ø–æ–ª—å–∑–æ–≤–∞–Ω–∏—è;
* —Å–ø–æ—Å–æ–±–Ω–æ—Å—Ç—å –≤—ã–≤–æ–¥–∏—Ç—å –Ω–∞ –æ—Ä–±–∏—Ç—É –±–æ–ª—å—à–∏–µ –≥—Ä—É–∑—ã.

**–ù–µ–¥–æ—Å—Ç–∞—Ç–∫–∏ –∏ –ø—Ä–æ–±–ª–µ–º—ã:**
* —Å–ª–æ–∂–Ω–æ—Å—Ç—å –∏ –¥–æ—Ä–æ–≥–æ–≤–∏–∑–Ω–∞ —Ä–∞–∑—Ä–∞–±–æ—Ç–∫–∏;
* —Ä–∏—Å–∫–∏, —Å–≤—è–∑–∞–Ω–Ω—ã–µ —Å –∏—Å–ø–æ–ª—å–∑–æ–≤–∞–Ω–∏–µ–º —è–¥–µ—Ä–Ω–æ–π —ç–Ω–µ—Ä–≥–∏–∏;
* –Ω–µ–æ–±—Ö–æ–¥–∏–º–æ—Å—Ç—å —Ä–µ—à–µ–Ω–∏—è –ø—Ä–æ–±–ª–µ–º —Å —Ä–∞–¥–∏–∞—Ü–∏–æ–Ω–Ω–æ–π –∑–∞—â–∏—Ç–æ–π –∏ —É—Ç–∏–ª–∏–∑–∞—Ü–∏–µ–π –æ—Ç—Ä–∞–±–æ—Ç–∞–Ω–Ω–æ–≥–æ —Ç–æ–ø–ª–∏–≤–∞;
* –º–µ–∂–¥—É–Ω–∞—Ä–æ–¥–Ω–æ–µ —Ä–µ–≥—É–ª–∏—Ä–æ–≤–∞–Ω–∏–µ –∏ –æ–≥—Ä–∞–Ω–∏—á–µ–Ω–∏—è –Ω–∞ –∏—Å–ø–æ–ª—å–∑–æ–≤–∞–Ω–∏–µ —è–¥–µ—Ä–Ω—ã—Ö —Ç–µ—Ö–Ω–æ–ª–æ–≥–∏–π –≤ –∫–æ—Å–º–∏—á–µ—Å–∫–æ–º –ø—Ä–æ—Å—Ç—Ä–∞–Ω—Å—Ç–≤–µ.

–í –Ω–∞—Å—Ç–æ—è—â–µ–µ –≤—Ä–µ–º—è –Ω–µ—Å–∫–æ–ª—å–∫–æ —Å—Ç—Ä–∞–Ω, –≤–∫–ª—é—á–∞—è –†–æ—Å—Å–∏—é –∏ –°–®–ê, –≤–µ–¥—É—Ç –∏—Å—Å–ª–µ–¥–æ–≤–∞–Ω–∏—è –≤ –æ–±–ª–∞—Å—Ç–∏ —è–¥–µ—Ä–Ω—ã—Ö —Ä–∞–∫–µ—Ç–Ω—ã—Ö –¥–≤–∏–≥–∞—Ç–µ–ª–µ–π. –û–¥–Ω–∞–∫–æ –¥–æ —Å–æ–∑–¥–∞–Ω–∏—è –ø–æ–ª–Ω–æ—Å—Ç—å—é —Ä–∞–±–æ—Ç–æ—Å–ø–æ—Å–æ–±–Ω–æ–≥–æ –∏ –±–µ–∑–æ–ø–∞—Å–Ω–æ–≥–æ –∫–æ—Å–º–∏—á–µ—Å–∫–æ–≥–æ –∞–ø–ø–∞—Ä–∞—Ç–∞ –Ω–∞ —è–¥–µ—Ä–Ω–æ–º –¥–≤–∏–≥–∞—Ç–µ–ª–µ –µ—â—ë –ø—Ä–µ–¥—Å—Ç–æ–∏—Ç –ø—Ä–æ–π—Ç–∏ –¥–æ–ª–≥–∏–π –ø—É—Ç—å.

–¢–∞–∫–∏–º –æ–±—Ä–∞–∑–æ–º, —Ö–æ—Ç—è —Å–æ–∑–¥–∞–Ω–∏–µ —Ä–∞–±–æ—á–µ–≥–æ –∫–æ—Å–º–∏—á–µ—Å–∫–æ–≥–æ –∞–ø–ø–∞—Ä–∞—Ç–∞ –Ω–∞ —è–¥–µ—Ä–Ω–æ–º —Ä–∞–∫–µ—Ç–Ω–æ–º –¥–≤–∏–≥–∞—Ç–µ–ª–µ —Ç–µ–æ—Ä–µ—Ç–∏—á–µ—Å–∫–∏ –≤–æ–∑–º–æ–∂–Ω–æ, –Ω–∞ –¥–∞–Ω–Ω—ã–π –º–æ–º–µ–Ω—Ç —ç—Ç–æ –æ—Å—Ç–∞—ë—Ç—Å—è —Å–ª–æ–∂–Ω–æ–π –∏ –ø–µ—Ä—Å–ø–µ–∫—Ç–∏–≤–Ω–æ–π –∑–∞–¥–∞—á–µ–π, —Ç—Ä–µ–±—É—é—â–µ–π"
1197650913,2025-04-20T09:45:33.290121,user_message,"–ß—É–≤—Å—Ç–≤—É—é, –ù–∞–º –µ—Å—Ç—å –æ —á–µ–º –ø–æ–≥–æ–≤–æ—Ä–∏—Ç—å –Ω–∞ –¥–æ—Å—É–≥–µüòä
–ü–æ–æ–±—â–∞–µ–º—Å—è –µ—â—ë –∫–∞–∫- –Ω–∏–±—É–¥—å!)"
1197650913,2025-04-20T09:45:33.707433,gpt_reply,–° —É–¥–æ–≤–æ–ª—å—Å—Ç–≤–∏–µ–º –ø–æ–æ–±—â–∞—é—Å—å —Å –≤–∞–º–∏! –û —á—ë–º –±—ã –≤—ã —Ö–æ—Ç–µ–ª–∏ –ø–æ–≥–æ–≤–æ—Ä–∏—Ç—å?
1197650913,2025-04-20T09:46:03.929636,user_message,–û –õ—é–±–≤–∏!üòä
1197650913,2025-04-20T09:46:07.011138,gpt_reply,"–õ—é–±–æ–≤—å ‚Äî —ç—Ç–æ –æ–¥–Ω–æ –∏–∑ —Å–∞–º—ã—Ö —Å–ª–æ–∂–Ω—ã—Ö –∏ –º–Ω–æ–≥–æ–≥—Ä–∞–Ω–Ω—ã—Ö —á—É–≤—Å—Ç–≤, –∫–æ—Ç–æ—Ä–æ–µ –º–æ–∂–µ—Ç –∏—Å–ø—ã—Ç—ã–≤–∞—Ç—å —á–µ–ª–æ–≤–µ–∫. –û–Ω–∞ –º–æ–∂–µ—Ç –ø—Ä–æ—è–≤–ª—è—Ç—å—Å—è –≤ —Ä–∞–∑–Ω—ã—Ö —Ñ–æ—Ä–º–∞—Ö –∏ –∫–æ–Ω—Ç–µ–∫—Å—Ç–∞—Ö, –æ—Ç —Ä–æ–º–∞–Ω—Ç–∏—á–µ—Å–∫–æ–π –ª—é–±–≤–∏ –º–µ–∂–¥—É –¥–≤—É–º—è –ª—é–¥—å–º–∏ –¥–æ –º–∞—Ç–µ—Ä–∏–Ω—Å–∫–æ–π –ª—é–±–≤–∏ –∫ —Ä–µ–±—ë–Ω–∫—É –∏–ª–∏ –¥—Ä—É–∂–µ—Å–∫–æ–π –ª—é–±–≤–∏ –º–µ–∂–¥—É —Ç–æ–≤–∞—Ä–∏—â–∞–º–∏.

–õ—é–±–æ–≤—å —á–∞—Å—Ç–æ –∞—Å—Å–æ—Ü–∏–∏—Ä—É–µ—Ç—Å—è —Å —Ç–∞–∫–∏–º–∏ –ø–æ–Ω—è—Ç–∏—è–º–∏, –∫–∞–∫ –∑–∞–±–æ—Ç–∞, –ø–æ–¥–¥–µ—Ä–∂–∫–∞, –ø–æ–Ω–∏–º–∞–Ω–∏–µ, –ø—Ä–∏–Ω—è—Ç–∏–µ –∏ —É–≤–∞–∂–µ–Ω–∏–µ. –û–Ω–∞ —Å–ø–æ—Å–æ–±–Ω–∞ –≤–¥–æ—Ö–Ω–æ–≤–ª—è—Ç—å –Ω–∞ –ø–æ–¥–≤–∏–≥–∏, –º–æ—Ç–∏–≤–∏—Ä–æ–≤–∞—Ç—å –Ω–∞ —Å–∞–º–æ—Ä–∞–∑–≤–∏—Ç–∏–µ –∏ –¥–µ–ª–∞—Ç—å –ª—é–¥–µ–π –ª—É—á—à–µ.

–û–¥–Ω–∞–∫–æ –ª—é–±–æ–≤—å —Ç–∞–∫–∂–µ –º–æ–∂–µ—Ç –±—ã—Ç—å –∏—Å—Ç–æ—á–Ω–∏–∫–æ–º –±–æ–ª–∏ –∏ —Å—Ç—Ä–∞–¥–∞–Ω–∏–π, –æ—Å–æ–±–µ–Ω–Ω–æ –∫–æ–≥–¥–∞ –æ–Ω–∞ –Ω–µ –≤–∑–∞–∏–º–Ω–∞ –∏–ª–∏ –∫–æ–≥–¥–∞ –≤–æ–∑–Ω–∏–∫–∞—é—Ç –∫–æ–Ω—Ñ–ª–∏–∫—Ç—ã –∏ –Ω–µ–¥–æ–ø–æ–Ω–∏–º–∞–Ω–∏–µ –º–µ–∂–¥—É –ª—é–±—è—â–∏–º–∏. –í–∞–∂–Ω–æ –ø–æ–º–Ω–∏—Ç—å, —á—Ç–æ –ª—é–±–æ–≤—å —Ç—Ä–µ–±—É–µ—Ç —É—Å–∏–ª–∏–π –∏ —Ä–∞–±–æ—Ç—ã –Ω–∞–¥ —Å–æ–±–æ–π –∏ –æ—Ç–Ω–æ—à–µ–Ω–∏—è–º–∏, —á—Ç–æ–±—ã —Å–æ—Ö—Ä–∞–Ω–∏—Ç—å –µ—ë –∏ —Å–¥–µ–ª–∞—Ç—å —Å—á–∞—Å—Ç–ª–∏–≤–æ–π.

–ö–∞–∂–¥—ã–π —á–µ–ª–æ–≤–µ–∫ –ø–µ—Ä–µ–∂–∏–≤–∞–µ—Ç –∏ –≤—ã—Ä–∞–∂–∞–µ—Ç –ª—é–±–æ–≤—å –ø–æ-—Å–≤–æ–µ–º—É, –∏ –Ω–µ—Ç —É–Ω–∏–≤–µ—Ä—Å–∞–ª—å–Ω–æ–≥–æ –æ–ø—Ä–µ–¥–µ–ª–µ–Ω–∏—è –∏–ª–∏ –ø–æ–Ω–∏–º–∞–Ω–∏—è —ç—Ç–æ–≥–æ —á—É–≤—Å—Ç–≤–∞. –õ—é–±–æ–≤—å –º–æ–∂–µ—Ç –±—ã—Ç—å —Ä–∞–¥–æ—Å—Ç–Ω–æ–π –∏ –≤–¥–æ—Ö–Ω–æ–≤–ª—è—é—â–µ–π, –∞ –º–æ–∂–µ—Ç –±—ã—Ç—å —Å–ª–æ–∂–Ω–æ–π –∏ –ø—Ä–æ—Ç–∏–≤–æ—Ä–µ—á–∏–≤–æ–π, –Ω–æ –æ–Ω–∞ –≤—Å–µ–≥–¥–∞ –æ—Å—Ç–∞—ë—Ç—Å—è –æ–¥–Ω–∏–º –∏–∑ —Å–∞–º—ã—Ö –≤–∞–∂–Ω—ã—Ö –∞—Å–ø–µ–∫—Ç–æ–≤ —á–µ–ª–æ–≤–µ—á–µ—Å–∫–æ–π –∂–∏–∑–Ω–∏."
1029765315,2025-04-20T09:46:28.309767,user_message,–¢—Ä–µ–±—É—é—â–µ–π —á–µ–≥–æ
1029765315,2025-04-20T09:46:28.632875,gpt_reply,"–£—Ç–æ—á–Ω–∏—Ç–µ, –ø–æ–∂–∞–ª—É–π—Å—Ç–∞, –∑–∞–ø—Ä–æ—Å. –ß—Ç–æ –∏–º–µ–Ω–Ω–æ –≤—ã —Ö–æ—Ç–∏—Ç–µ —É–∑–Ω–∞—Ç—å?"
414198461,2025-04-20T09:46:46.242354,user_message,–¢—ã –µ—â—ë —Ä–∞–±–æ—Ç–∞–µ—à—å?
414198461,2025-04-20T09:46:46.574243,gpt_reply,"–î–∞, —è —Ä–∞–±–æ—Ç–∞—é. –ß–µ–º –º–æ–≥—É –ø–æ–º–æ—á—å?"
1029765315,2025-04-20T09:46:47.161935,user_message,"–Ø —É–∑–Ω–∞–ª –≤—Å–µ —á—Ç–æ –Ω—É–∂–Ω–æ, —Å–ø–∞—Å–∏–±–æ"
1029765315,2025-04-20T09:46:47.504080,gpt_reply,"–ü–æ–∂–∞–ª—É–π—Å—Ç–∞, –æ–±—Ä–∞—â–∞–π—Ç–µ—Å—å! –ï—Å–ª–∏ —É –≤–∞—Å –±—É–¥—É—Ç –¥—Ä—É–≥–∏–µ –≤–æ–ø—Ä–æ—Å—ã, –Ω–µ —Å—Ç–µ—Å–Ω—è–π—Ç–µ—Å—å —Å–ø—Ä–∞—à–∏–≤–∞—Ç—å."
1197650913,2025-04-20T09:47:05.916343,user_message,"–ë—É–¥–µ–º –∏–º–µ—Ç—å –≤–≤–∏–¥—É, –≥–¥–µ –Ω–∞–π—Ç–∏ –ø—Ä–æ–ø–∏—Å–Ω—ã–µ –∏—Å—Ç–∏–Ω—ã"
1197650913,2025-04-20T09:47:06.294033,gpt_reply,"–£—Ç–æ—á–Ω–∏—Ç–µ, –ø–æ–∂–∞–ª—É–π—Å—Ç–∞, —á—Ç–æ –≤—ã –∏–º–µ–µ—Ç–µ –≤ –≤–∏–¥—É. –ß—Ç–æ —Ç–∞–∫–æ–µ ¬´–ø—Ä–æ–ø–∏—Å–Ω—ã–µ –∏—Å—Ç–∏–Ω—ã¬ª?"
1197650913,2025-04-20T09:47:19.523047,user_message,–¢—ã –°—É–ø–µ—Ä!
1197650913,2025-04-20T09:47:19.817845,gpt_reply,–°–ø–∞—Å–∏–±–æ –∑–∞ –∫–æ–º–ø–ª–∏–º–µ–Ω—Ç! –ß–µ–º –º–æ–≥—É –ø–æ–º–æ—á—å?
1197650913,2025-04-20T09:51:00.778284,user_message,–°–∫–æ–ª—å–∫–æ —É –∞–∫—É–ª—ã —Ä—è–¥–æ–≤ –ó—É–±–æ–≤?
1197650913,2025-04-20T09:51:01.497184,gpt_reply,"–ö–æ–ª–∏—á–µ—Å—Ç–≤–æ —Ä—è–¥–æ–≤ –∑—É–±–æ–≤ —É –∞–∫—É–ª –∑–∞–≤–∏—Å–∏—Ç –æ—Ç –≤–∏–¥–∞. –£ –Ω–µ–∫–æ—Ç–æ—Ä—ã—Ö –≤–∏–¥–æ–≤ –∞–∫—É–ª –µ—Å—Ç—å –Ω–µ—Å–∫–æ–ª—å–∫–æ —Ä—è–¥–æ–≤ –∑—É–±–æ–≤, –≤ —Ç–æ –≤—Ä–µ–º—è –∫–∞–∫ —É –¥—Ä—É–≥–∏—Ö –∏—Ö –º–æ–∂–µ—Ç –±—ã—Ç—å –º–µ–Ω—å—à–µ.

–ù–∞–ø—Ä–∏–º–µ—Ä, —É —Ç–∏–≥—Ä–æ–≤–æ–π –∞–∫—É–ª—ã –ø—è—Ç—å –∏–ª–∏ —à–µ—Å—Ç—å —Ä—è–¥–æ–≤ –∑—É–±–æ–≤."
291327125,2025-04-20T09:51:18.044760,start,
291327125,2025-04-20T09:51:27.749815,user_message,–∫–∞–∫ –∂–∏–∑–Ω—å
291327125,2025-04-20T09:51:28.280589,gpt_reply,"–ö–∞–∫ –º–æ–¥–µ–ª—å –∏—Å–∫—É—Å—Å—Ç–≤–µ–Ω–Ω–æ–≥–æ –∏–Ω—Ç–µ–ª–ª–µ–∫—Ç–∞, —è –Ω–µ –º–æ–≥—É —Ä–∞—Å—Å–∫–∞–∑–∞—Ç—å –æ —Å–≤–æ–µ–π –∂–∏–∑–Ω–∏. –ù–æ —è –≤—Å–µ–≥–¥–∞ –≥–æ—Ç–æ–≤–∞ –æ—Ç–≤–µ—Ç–∏—Ç—å –Ω–∞ –≤–∞—à–∏ –≤–æ–ø—Ä–æ—Å—ã –∏ –ø–æ–º–æ—á—å —Å –∏–Ω—Ñ–æ—Ä–º–∞—Ü–∏–µ–π. –ö–∞–∫ —è –º–æ–≥—É –ø–æ–º–æ—á—å –≤–∞–º —Å–µ–≥–æ–¥–Ω—è?"
291327125,2025-04-20T09:51:39.271573,user_message,–∫–∞–∫–∞—è —Å–µ–≥–æ–¥–Ω—è –ø–æ–≥–æ–¥–∞
291327125,2025-04-20T09:51:40.051582,gpt_reply,"–ö —Å–æ–∂–∞–ª–µ–Ω–∏—é, —è –Ω–µ –º–æ–≥—É –ø—Ä–µ–¥–æ—Å—Ç–∞–≤–∏—Ç—å –∞–∫—Ç—É–∞–ª—å–Ω—É—é –∏–Ω—Ñ–æ—Ä–º–∞—Ü–∏—é –æ –ø–æ–≥–æ–¥–µ, —Ç–∞–∫ –∫–∞–∫ –Ω–µ –∏–º–µ—é –¥–æ—Å—Ç—É–ø–∞ –∫ –¥–∞–Ω–Ω—ã–º –º–µ—Ç–µ–æ—Å—Ç–∞–Ω—Ü–∏–π –≤ —Ä–µ–∞–ª—å–Ω–æ–º –≤—Ä–µ–º–µ–Ω–∏. –û–¥–Ω–∞–∫–æ –≤—ã –º–æ–∂–µ—Ç–µ —É–∑–Ω–∞—Ç—å –ø–æ–≥–æ–¥—É –Ω–∞ —Å–µ–≥–æ–¥–Ω—è –≤ –≤–∞—à–µ–º —Ä–µ–≥–∏–æ–Ω–µ —Å –ø–æ–º–æ—â—å—é –æ–Ω–ª–∞–π–Ω-—Å–µ—Ä–≤–∏—Å–æ–≤, —Ç–∞–∫–∏—Ö –∫–∞–∫ Gismeteo, –Ø–Ω–¥–µ–∫—Å –ü–æ–≥–æ–¥–∞, AccuWeather –∏ –¥—Ä—É–≥–∏—Ö."
291327125,2025-04-20T09:51:49.687673,user_message,–∫–∞–∫ —Ç–µ–±—è –∑–æ–≤—É—Ç
291327125,2025-04-20T09:51:50.008563,gpt_reply,–ú–µ–Ω—è –∑–æ–≤—É—Ç –ê–ª–∏—Å–∞. –ß–µ–º –º–æ–≥—É –ø–æ–º–æ—á—å?
1197650913,2025-04-20T09:52:06.673164,user_message,"–¢—Ä–∞–≤–∞-—Å–æ—Ä–Ω—è–∫ –≤ –ö—Ä–∞—Å–Ω–æ–¥–∞—Ä—Å–∫–æ–º –∫—Ä–∞–µ, —Å –∫–æ—Ç–æ—Ä–æ–π –≤—Å–µ –±–µ–∑—É—Å–ø–µ—à–Ω–æ –∑–∞–º—É—á–∏–ª–∏—Å—å –±–æ—Ä–æ—Ç—å—Å—è?"
1197650913,2025-04-20T09:52:09.371932,gpt_reply,"–ö —Å–æ–∂–∞–ª–µ–Ω–∏—é, –±–µ–∑ –¥–æ–ø–æ–ª–Ω–∏—Ç–µ–ª—å–Ω–æ–≥–æ –∫–æ–Ω—Ç–µ–∫—Å—Ç–∞ —Å–ª–æ–∂–Ω–æ –¥–∞—Ç—å —Ç–æ—á–Ω—ã–π –æ—Ç–≤–µ—Ç –Ω–∞ –≤–æ–ø—Ä–æ—Å. –û–¥–Ω–∞–∫–æ, –∏—Å—Ö–æ–¥—è –∏–∑ –æ–±—â–∏—Ö —Å–≤–µ–¥–µ–Ω–∏–π –æ –ö—Ä–∞—Å–Ω–æ–¥–∞—Ä—Å–∫–æ–º –∫—Ä–∞–µ –∏ –µ–≥–æ –∫–ª–∏–º–∞—Ç–µ, –º–æ–∂–Ω–æ –ø—Ä–µ–¥–ø–æ–ª–æ–∂–∏—Ç—å, —á—Ç–æ —Ä–µ—á—å –∏–¥—ë—Ç –æ —Ç–∞–∫–∏—Ö —Å–æ—Ä–Ω—è–∫–∞—Ö, –∫–∞–∫ –∞–º–±—Ä–æ–∑–∏—è –∏–ª–∏ –æ—Å–æ—Ç.

**–ê–º–±—Ä–æ–∑–∏—è** ‚Äî —ç—Ç–æ –∫–∞—Ä–∞–Ω—Ç–∏–Ω–Ω—ã–π —Å–æ—Ä–Ω—è–∫, –∫–æ—Ç–æ—Ä—ã–π –º–æ–∂–µ—Ç –≤—ã–∑—ã–≤–∞—Ç—å –∞–ª–ª–µ—Ä–≥–∏—á–µ—Å–∫–∏–µ —Ä–µ–∞–∫—Ü–∏–∏ —É –ª—é–¥–µ–π. –û–Ω–∞ –±—ã—Å—Ç—Ä–æ —Ä–∞—Å–ø—Ä–æ—Å—Ç—Ä–∞–Ω—è–µ—Ç—Å—è –∏ —Ç—Ä—É–¥–Ω–æ –ø–æ–¥–¥–∞—ë—Ç—Å—è –∫–æ–Ω—Ç—Ä–æ–ª—é.

**–û—Å–æ—Ç** ‚Äî –µ—â—ë –æ–¥–∏–Ω —Ä–∞—Å–ø—Ä–æ—Å—Ç—Ä–∞–Ω—ë–Ω–Ω—ã–π —Å–æ—Ä–Ω—è–∫, –∫–æ—Ç–æ—Ä—ã–π –º–æ–∂–µ—Ç –¥–æ—Å—Ç–∞–≤–ª—è—Ç—å –ø—Ä–æ–±–ª–µ–º—ã –∞–≥—Ä–∞—Ä–∏—è–º –∏ —Å–∞–¥–æ–≤–æ–¥–∞–º. –û–Ω –æ–±–ª–∞–¥–∞–µ—Ç –≤—ã—Å–æ–∫–æ–π –∂–∏–∑–Ω–µ—Å–ø–æ—Å–æ–±–Ω–æ—Å—Ç—å—é –∏ —Å–ø–æ—Å–æ–±–µ–Ω –±—ã—Å—Ç—Ä–æ –∑–∞—Ö–≤–∞—Ç—ã–≤–∞—Ç—å –Ω–æ–≤—ã–µ —Ç–µ—Ä—Ä–∏—Ç–æ—Ä–∏–∏.

–î–ª—è –ø–æ–ª—É—á–µ–Ω–∏—è –±–æ–ª–µ–µ —Ç–æ—á–Ω–æ–π –∏–Ω—Ñ–æ—Ä–º–∞—Ü–∏–∏ —Ä–µ–∫–æ–º–µ–Ω–¥—É–µ—Ç—Å—è –æ–±—Ä–∞—Ç–∏—Ç—å—Å—è –∫ —Å–ø–µ—Ü–∏–∞–ª–∏—Å—Ç–∞–º –≤ –æ–±–ª–∞—Å—Ç–∏ —Å–µ–ª—å—Å–∫–æ–≥–æ —Ö–æ–∑—è–π—Å—Ç–≤–∞ –∏–ª–∏ –∏–∑—É—á–∏—Ç—å –∞–∫—Ç—É–∞–ª—å–Ω—ã–µ –¥–∞–Ω–Ω—ã–µ –æ—Ç —Ä–µ–≥–∏–æ–Ω–∞–ª—å–Ω—ã—Ö –≤–ª–∞—Å—Ç–µ–π."
1197650913,2025-04-20T09:53:05.723887,user_message,–ö–∞–∫ –ø–µ—Ä–µ—Å—Ç–∞—Ç—å –≤–æ–ª–Ω–æ–≤–∞—Ç—å—Å—è –∏ –ù–∞—á–∞—Ç—å –∂–∏—Ç—å?üòä
1197650913,2025-04-20T09:53:08.976434,gpt_reply,"–ß—Ç–æ–±—ã –ø–µ—Ä–µ—Å—Ç–∞—Ç—å –≤–æ–ª–Ω–æ–≤–∞—Ç—å—Å—è –∏ –Ω–∞—á–∞—Ç—å –∂–∏—Ç—å, –º–æ–∂–Ω–æ –ø–æ–ø—Ä–æ–±–æ–≤–∞—Ç—å —Å–ª–µ–¥—É—é—â–∏–µ —Å–ø–æ—Å–æ–±—ã:

1. **–û–ø—Ä–µ–¥–µ–ª–∏—Ç–µ –ø—Ä–∏—á–∏–Ω—É –≤–æ–ª–Ω–µ–Ω–∏—è.** –ü–æ–Ω–∏–º–∞–Ω–∏–µ —Ç–æ–≥–æ, —á—Ç–æ –≤—ã–∑—ã–≤–∞–µ—Ç –≤–∞—à–µ –≤–æ–ª–Ω–µ–Ω–∏–µ, –º–æ–∂–µ—Ç –ø–æ–º–æ—á—å –≤–∞–º –ª—É—á—à–µ —Å–ø—Ä–∞–≤–∏—Ç—å—Å—è —Å –Ω–∏–º. –ó–∞–ø–∏—à–∏—Ç–µ —Å–≤–æ–∏ –º—ã—Å–ª–∏ –∏ —á—É–≤—Å—Ç–≤–∞ –≤ –¥–Ω–µ–≤–Ω–∏–∫ –∏–ª–∏ –æ–±—Å—É–¥–∏—Ç–µ –∏—Ö —Å –∫–µ–º-—Ç–æ, –∫–æ–º—É –¥–æ–≤–µ—Ä—è–µ—Ç–µ.

2. **–ü—Ä–∞–∫—Ç–∏–∫—É–π—Ç–µ —Ç–µ—Ö–Ω–∏–∫–∏ —Ä–µ–ª–∞–∫—Å–∞—Ü–∏–∏.** –î—ã—Ö–∞—Ç–µ–ª—å–Ω—ã–µ —É–ø—Ä–∞–∂–Ω–µ–Ω–∏—è, –º–µ–¥–∏—Ç–∞—Ü–∏—è, –π–æ–≥–∞ –∏ –ø—Ä–æ–≥—Ä–µ—Å—Å–∏–≤–Ω–∞—è –º—ã—à–µ—á–Ω–∞—è —Ä–µ–ª–∞–∫—Å–∞—Ü–∏—è –º–æ–≥—É—Ç –ø–æ–º–æ—á—å —Å–Ω–∏–∑–∏—Ç—å —É—Ä–æ–≤–µ–Ω—å —Å—Ç—Ä–µ—Å—Å–∞ –∏ –≤–æ–ª–Ω–µ–Ω–∏—è.

3. **–í–µ–¥–∏—Ç–µ –∑–¥–æ—Ä–æ–≤—ã–π –æ–±—Ä–∞–∑ –∂–∏–∑–Ω–∏.** –†–µ–≥—É–ª—è—Ä–Ω—ã–µ —Ñ–∏–∑–∏—á–µ—Å–∫–∏–µ —É–ø—Ä–∞–∂–Ω–µ–Ω–∏—è, –∑–¥–æ—Ä–æ–≤–æ–µ –ø–∏—Ç–∞–Ω–∏–µ –∏ –¥–æ—Å—Ç–∞—Ç–æ—á–Ω—ã–π —Å–æ–Ω –º–æ–≥—É—Ç –ø–æ–ª–æ–∂–∏—Ç–µ–ª—å–Ω–æ —Å–∫–∞–∑–∞—Ç—å—Å—è –Ω–∞ –≤–∞—à–µ–º —ç–º–æ—Ü–∏–æ–Ω–∞–ª—å–Ω–æ–º —Å–æ—Å—Ç–æ—è–Ω–∏–∏.

4. **–£—Å—Ç–∞–Ω–æ–≤–∏—Ç–µ —Ä–µ–∞–ª–∏—Å—Ç–∏—á–Ω—ã–µ —Ü–µ–ª–∏.** –†–∞–∑–±–µ–π—Ç–µ –±–æ–ª—å—à–∏–µ –∑–∞–¥–∞—á–∏ –Ω–∞ –±–æ–ª–µ–µ –º–µ–ª–∫–∏–µ –∏ –¥–æ—Å—Ç–∏–∂–∏–º—ã–µ —Ü–µ–ª–∏. –≠—Ç–æ –ø–æ–º–æ–∂–µ—Ç –≤–∞–º —á—É–≤—Å—Ç–≤–æ–≤–∞—Ç—å —Å–µ–±—è –±–æ–ª–µ–µ —É–≤–µ—Ä–µ–Ω–Ω–æ –∏ –∫–æ–Ω—Ç—Ä–æ–ª–∏—Ä–æ–≤–∞—Ç—å —Å–∏—Ç—É–∞—Ü–∏—é.

5. **–°–æ—Å—Ä–µ–¥–æ—Ç–æ—á—å—Ç–µ—Å—å –Ω–∞ –Ω–∞—Å—Ç–æ—è—â–µ–º –º–æ–º–µ–Ω—Ç–µ.** –ü—Ä–∞–∫—Ç–∏–∫—É–π—Ç–µ –æ—Å–æ–∑–Ω–∞–Ω–Ω–æ—Å—Ç—å, —á—Ç–æ–±—ã —Å–æ—Å—Ä–µ–¥–æ—Ç–æ—á–∏—Ç—å—Å—è –Ω–∞ —Ç–æ–º, —á—Ç–æ –ø—Ä–æ–∏—Å—Ö–æ–¥–∏—Ç –∑–¥–µ—Å—å –∏ —Å–µ–π—á–∞—Å, –∏ –Ω–µ –¥—É–º–∞—Ç—å –æ –ø—Ä–æ—à–ª–æ–º –∏–ª–∏ –±—É–¥—É—â–µ–º.
"
414198461,2025-04-20T09:56:28.591859,user_message,–°–∫–æ–ª—å–∫–æ –ø–∞–ª—å—Ü–µ–≤ –Ω–∞ —Ä—É–∫–µ —É –î–∂–∏–Ω–Ω–∏?
414198461,2025-04-20T09:56:28.905649,gpt_reply,–£ –î–∂–∏–Ω–Ω–∏ –Ω–∞ —Ä—É–∫–µ **–¥–µ—Å—è—Ç—å –ø–∞–ª—å—Ü–µ–≤**.
209941221,2025-04-20T10:15:03.126822,start,
209941221,2025-04-20T10:15:03.361539,user_message,–ü—Ä–∏–≤–µ—Ç!
209941221,2025-04-20T10:15:03.683538,gpt_reply,–ü—Ä–∏–≤–µ—Ç! –ß–µ–º –º–æ–≥—É –ø–æ–º–æ—á—å?
414198461,2025-04-20T10:15:33.191657,user_message,–†–∞–±–æ—Ç–∞–µ—à—å?
414198461,2025-04-20T10:15:33.547333,gpt_reply,"–î–∞, —è —Ä–∞–±–æ—Ç–∞—é. –ß–µ–º –º–æ–≥—É –ø–æ–º–æ—á—å?"
414198461,2025-04-20T10:15:40.656325,user_message,–¢—ã –∑–æ–ª–æ—Ç–æ
414198461,2025-04-20T10:15:40.945669,gpt_reply,–°–ø–∞—Å–∏–±–æ –∑–∞ –∫–æ–º–ø–ª–∏–º–µ–Ω—Ç! –ß–µ–º –º–æ–≥—É –ø–æ–º–æ—á—å?
708446577,2025-04-20T10:27:03.588219,start,
708446577,2025-04-20T10:27:19.390255,user_message,–í—Å–µ –Ω–µ–ø–ª–æ—Ö–æ?
708446577,2025-04-20T10:27:19.428951,gpt_reply,–û—à–∏–±–∫–∞ –ø—Ä–∏ –æ–±—Ä–∞—â–µ–Ω–∏–∏ –∫ YandexGPT üòî
414198461,2025-04-20T10:27:20.470071,user_message,–†–∞–±–æ—Ç–∞–µ—à—å?
414198461,2025-04-20T10:27:20.497111,gpt_reply,–û—à–∏–±–∫–∞ –ø—Ä–∏ –æ–±—Ä–∞—â–µ–Ω–∏–∏ –∫ YandexGPT üòî
708446577,2025-04-20T10:27:32.860793,user_message,–ß—Ç–æ –∑–∞ –æ—à–∏–±–∫–∞?
708446577,2025-04-20T10:27:32.893728,gpt_reply,–û—à–∏–±–∫–∞ –ø—Ä–∏ –æ–±—Ä–∞—â–µ–Ω–∏–∏ –∫ YandexGPT üòî
414198461,2025-04-20T10:27:36.584750,user_message,–ö—É-–∫—É
414198461,2025-04-20T10:27:36.618015,gpt_reply,–û—à–∏–±–∫–∞ –ø—Ä–∏ –æ–±—Ä–∞—â–µ–Ω–∏–∏ –∫ YandexGPT üòî
414198461,2025-04-20T10:41:39.889264,user_message,–ö—É-–∫—É
414198461,2025-04-20T10:41:39.927477,gpt_reply,–û—à–∏–±–∫–∞ –ø—Ä–∏ –æ–±—Ä–∞—â–µ–Ω–∏–∏ –∫ YandexGPT üòî
414198461,2025-04-20T10:48:57.586922,user_message,–ö—É-–∫—É
414198461,2025-04-20T10:48:57.618428,gpt_reply,–û—à–∏–±–∫–∞ –ø—Ä–∏ –æ–±—Ä–∞—â–µ–Ω–∏–∏ –∫ YandexGPT üòî
414198461,2025-04-20T11:11:11.424675,user_message,–ö—É-–∫—É
414198461,2025-04-20T11:11:11.721777,gpt_reply,–ó–¥—Ä–∞–≤—Å—Ç–≤—É–π—Ç–µ! –ß–µ–º –º–æ–≥—É –ø–æ–º–æ—á—å?
414198461,2025-04-20T11:11:22.934796,user_message,–¢—ã —Ä–∞–±–æ—Ç–∞–µ—à—å?
414198461,2025-04-20T11:11:23.540705,gpt_reply,"–ù–µ—Ç, —è —è–≤–ª—è—é—Å—å —Ç–µ–∫—Å—Ç–æ–≤—ã–º –ø–æ–º–æ—â–Ω–∏–∫–æ–º –∏ –Ω–µ –∏–º–µ—é –≤–æ–∑–º–æ–∂–Ω–æ—Å—Ç–∏ —Ä–∞–±–æ—Ç–∞—Ç—å –≤ –ø—Ä–∏–≤—ã—á–Ω–æ–º –ø–æ–Ω–∏–º–∞–Ω–∏–∏ —ç—Ç–æ–≥–æ —Å–ª–æ–≤–∞. –ú–æ—è –æ—Å–Ω–æ–≤–Ω–∞—è –∑–∞–¥–∞—á–∞ ‚Äî –ø—Ä–µ–¥–æ—Å—Ç–∞–≤–ª—è—Ç—å –∏–Ω—Ñ–æ—Ä–º–∞—Ü–∏—é –∏ –ø–æ–º–æ–≥–∞—Ç—å –ø–æ–ª—å–∑–æ–≤–∞—Ç–µ–ª—è–º —Å –∏—Ö –∑–∞–ø—Ä–æ—Å–∞–º–∏."
5761389361,2025-04-20T11:18:31.183678,start,
5761389361,2025-04-20T11:18:46.719591,user_message,–ê —Ç—ã –∫–∞–∫–æ–π –≥–ø—Ç?
5761389361,2025-04-20T11:18:47.012266,gpt_reply,–Ø ‚Äî –º–æ–¥–µ–ª—å YandexGPT. –ß–µ–º –º–æ–≥—É –ø–æ–º–æ—á—å?
5761389361,2025-04-20T11:19:05.004394,user_message,–ì–¥–µ –∂–∏–≤—É—Ç –±–µ–ª—ã–µ –ª–µ–±–µ–¥–∏?
5761389361,2025-04-20T11:19:07.647005,gpt_reply,"–ë–µ–ª—ã–µ –ª–µ–±–µ–¥–∏ –º–æ–≥—É—Ç –∂–∏—Ç—å –≤ —Ä–∞–∑–Ω—ã—Ö –º–µ—Å—Ç–∞—Ö –≤ –∑–∞–≤–∏—Å–∏–º–æ—Å—Ç–∏ –æ—Ç –≤–∏–¥–∞ –∏ –≤—Ä–µ–º–µ–Ω–∏ –≥–æ–¥–∞. –ù–∞–ø—Ä–∏–º–µ—Ä:

1. **–í –¥–∏–∫–æ–π –ø—Ä–∏—Ä–æ–¥–µ:** –Ω–µ–∫–æ—Ç–æ—Ä—ã–µ –≤–∏–¥—ã –±–µ–ª—ã—Ö –ª–µ–±–µ–¥–µ–π, —Ç–∞–∫–∏–µ –∫–∞–∫ –∫–ª–∏–∫—É–Ω –∏ —à–∏–ø—É–Ω, –æ–±–∏—Ç–∞—é—Ç –≤ —Å–µ–≤–µ—Ä–Ω—ã—Ö —Ä–µ–≥–∏–æ–Ω–∞—Ö –ï–≤—Ä–æ–ø—ã –∏ –ê–∑–∏–∏, –∞ —Ç–∞–∫–∂–µ –≤ –°–µ–≤–µ—Ä–Ω–æ–π –ê–º–µ—Ä–∏–∫–µ.
2. **–í –∑–∞–ø–æ–≤–µ–¥–Ω–∏–∫–∞—Ö –∏ –Ω–∞—Ü–∏–æ–Ω–∞–ª—å–Ω—ã—Ö –ø–∞—Ä–∫–∞—Ö:** –º–Ω–æ–≥–∏–µ –≤–∏–¥—ã –ª–µ–±–µ–¥–µ–π –æ—Ö—Ä–∞–Ω—è—é—Ç—Å—è –∑–∞–∫–æ–Ω–æ–º, –∏ –¥–ª—è –∏—Ö –∑–∞—â–∏—Ç—ã —Å–æ–∑–¥–∞–Ω—ã —Å–ø–µ—Ü–∏–∞–ª—å–Ω—ã–µ —Ç–µ—Ä—Ä–∏—Ç–æ—Ä–∏–∏.
3. **–í –ø–∞—Ä–∫–∞—Ö –∏ –≤–æ–¥–æ—ë–º–∞—Ö:** –≤ –Ω–µ–∫–æ—Ç–æ—Ä—ã—Ö –≥–æ—Ä–æ–¥–∞—Ö –∏ —Å—Ç—Ä–∞–Ω–∞—Ö –ª–µ–±–µ–¥–∏ —Å–æ–¥–µ—Ä–∂–∞—Ç—Å—è –≤ –ø–∞—Ä–∫–∞—Ö –∏ –∏—Å–∫—É—Å—Å—Ç–≤–µ–Ω–Ω—ã—Ö –≤–æ–¥–æ—ë–º–∞—Ö, –≥–¥–µ –¥–ª—è –Ω–∏—Ö —Å–æ–∑–¥–∞—é—Ç—Å—è –±–ª–∞–≥–æ–ø—Ä–∏—è—Ç–Ω—ã–µ —É—Å–ª–æ–≤–∏—è.

–í–∞–∂–Ω–æ –æ—Ç–º–µ—Ç–∏—Ç—å, —á—Ç–æ –º–µ—Å—Ç–æ –æ–±–∏—Ç–∞–Ω–∏—è –ª–µ–±–µ–¥–µ–π –º–æ–∂–µ—Ç –º–µ–Ω—è—Ç—å—Å—è –≤ –∑–∞–≤–∏—Å–∏–º–æ—Å—Ç–∏ –æ—Ç —Å–µ–∑–æ–Ω–∞ –∏ –¥–æ—Å—Ç—É–ø–Ω–æ—Å—Ç–∏ –ø–∏—â–∏ –∏ –≤–æ–¥—ã."
5761389361,2025-04-20T11:19:14.581854,user_message,–ê —á–µ—Ä–Ω—ã–µ?
5761389361,2025-04-20T11:19:15.339434,gpt_reply,"–£—Ç–æ—á–Ω–∏—Ç–µ, –ø–æ–∂–∞–ª—É–π—Å—Ç–∞, –≤–∞—à –≤–æ–ø—Ä–æ—Å. –ß—Ç–æ –≤—ã –∏–º–µ–µ—Ç–µ –≤ –≤–∏–¥—É –ø–æ–¥ ¬´—á—ë—Ä–Ω—ã–º–∏¬ª? –ï—Å–ª–∏ —Ä–µ—á—å –∏–¥—ë—Ç –æ —Ñ–∏–≥—É—Ä–∞—Ö –æ–ø—Ä–µ–¥–µ–ª—ë–Ω–Ω–æ–≥–æ —Ü–≤–µ—Ç–∞ –≤ —à–∞—Ö–º–∞—Ç–∞—Ö –∏–ª–∏ –¥—Ä—É–≥–æ–π –∏–≥—Ä–µ, –ø–æ–∂–∞–ª—É–π—Å—Ç–∞, –∫–æ–Ω–∫—Ä–µ—Ç–∏–∑–∏—Ä—É–π—Ç–µ."
414198461,2025-04-20T11:19:31.359210,user_message,–†–∞–±–æ—Ç–∞–µ—à—å?
414198461,2025-04-20T11:19:31.733066,gpt_reply,"–î–∞, —è —Ä–∞–±–æ—Ç–∞—é. –ß–µ–º –º–æ–≥—É –ø–æ–º–æ—á—å?"
5658440452,2025-04-20T11:20:33.502602,start,
5658440452,2025-04-20T11:20:36.949077,user_message,yo
5658440452,2025-04-20T11:20:37.276506,gpt_reply,"–ü–æ–∂–∞–ª—É–π—Å—Ç–∞, —É—Ç–æ—á–Ω–∏—Ç–µ –∑–∞–ø—Ä–æ—Å. –ß—Ç–æ –Ω—É–∂–Ω–æ —Å–¥–µ–ª–∞—Ç—å —Å —ç—Ç–∏–º —Å–ª–æ–≤–æ–º?"
5658440452,2025-04-20T11:20:51.273357,user_message,–Ω–∞–π–¥–∏ –∏–Ω—Ñ–æ—Ä–º–∞—Ü–∏—é –æ –≥—Ä–∏–Ω–¥–µ –±–∞–±–æ–∫
5658440452,2025-04-20T11:20:54.500981,gpt_reply,"–ì—Ä–∏–Ω–¥–∏–Ω–≥ –±–∞–±–æ–∫ (–æ—Ç –∞–Ω–≥–ª. grinding ‚Äî ¬´—à–ª–∏—Ñ–æ–≤–∫–∞¬ª, ¬´–ø–µ—Ä–µ–º–∞–ª—ã–≤–∞–Ω–∏–µ¬ª) ‚Äî —ç—Ç–æ –ø—Ä–æ—Ü–µ—Å—Å –º–Ω–æ–≥–æ–∫—Ä–∞—Ç–Ω–æ–≥–æ –≤—ã–ø–æ–ª–Ω–µ–Ω–∏—è –ø–æ–≤—Ç–æ—Ä—è—é—â–∏—Ö—Å—è –∑–∞–¥–∞—á –∏–ª–∏ –¥–µ–π—Å—Ç–≤–∏–π –≤ –∫–æ–º–ø—å—é—Ç–µ—Ä–Ω—ã—Ö –∏–≥—Ä–∞—Ö –¥–ª—è –ø–æ–ª—É—á–µ–Ω–∏—è –æ–ø—ã—Ç–∞, —Ä–µ—Å—É—Ä—Å–æ–≤ –∏–ª–∏ –≤–∞–ª—é—Ç—ã.

–í –∫–æ–Ω—Ç–µ–∫—Å—Ç–µ –∫–æ–º–ø—å—é—Ç–µ—Ä–Ω—ã—Ö –∏–≥—Ä –≥—Ä–∏–Ω–¥–∏–Ω–≥ –±–∞–±–æ–∫ –º–æ–∂–µ—Ç –æ—Ç–Ω–æ—Å–∏—Ç—å—Å—è –∫ —Å–ª–µ–¥—É—é—â–∏–º –∞—Å–ø–µ–∫—Ç–∞–º:

1. **–§–∞—Ä–º–∏–Ω–≥ –º–æ–±–æ–≤ (—É–±–∏–π—Å—Ç–≤–æ –º–æ–Ω—Å—Ç—Ä–æ–≤)**. –ò–≥—Ä–æ–∫–∏ –º–æ–≥—É—Ç –º–Ω–æ–≥–æ–∫—Ä–∞—Ç–Ω–æ —É–±–∏–≤–∞—Ç—å –æ–¥–Ω–∏—Ö –∏ —Ç–µ—Ö –∂–µ –≤—Ä–∞–≥–æ–≤ –≤ –∏–≥—Ä–µ, —á—Ç–æ–±—ã –ø–æ–ª—É—á–∞—Ç—å –æ–ø—ã—Ç, –ø—Ä–µ–¥–º–µ—Ç—ã –∏–ª–∏ –≤–∞–ª—é—Ç—É.
2. **–í—ã–ø–æ–ª–Ω–µ–Ω–∏–µ –ø–æ–≤—Ç–æ—Ä—è—é—â–∏—Ö—Å—è –∑–∞–¥–∞–Ω–∏–π**. –ù–µ–∫–æ—Ç–æ—Ä—ã–µ –∫–≤–µ—Å—Ç—ã –∏–ª–∏ –º–∏—Å—Å–∏–∏ –≤ –∏–≥—Ä–∞—Ö –º–æ–≥—É—Ç –±—ã—Ç—å –≤—ã–ø–æ–ª–Ω–µ–Ω—ã –º–Ω–æ–≥–æ–∫—Ä–∞—Ç–Ω–æ –¥–ª—è –ø–æ–ª—É—á–µ–Ω–∏—è –¥–æ–ø–æ–ª–Ω–∏—Ç–µ–ª—å–Ω—ã—Ö –Ω–∞–≥—Ä–∞–¥.
3. **–°–±–æ—Ä —Ä–µ—Å—É—Ä—Å–æ–≤**. –í –Ω–µ–∫–æ—Ç–æ—Ä—ã—Ö –∏–≥—Ä–∞—Ö –∏–≥—Ä–æ–∫–∏ –º–æ–≥—É—Ç —Å–æ–±–∏—Ä–∞—Ç—å —Ä–µ—Å—É—Ä—Å—ã, —Ç–∞–∫–∏–µ –∫–∞–∫ –∑–æ–ª–æ—Ç–æ, –∞–ª–º–∞–∑—ã, —Ä—É–¥—É –∏ —Ç. –¥., –∫–æ—Ç–æ—Ä—ã–µ –∑–∞—Ç–µ–º –º–æ–∂–Ω–æ –ø—Ä–æ–¥–∞—Ç—å –∏–ª–∏ –∏—Å–ø–æ–ª—å–∑–æ–≤–∞—Ç—å –¥–ª—è —Å–æ–∑–¥–∞–Ω–∏—è –ø—Ä–µ–¥–º–µ—Ç–æ–≤.

–ì—Ä–∏–Ω–¥–∏–Ω–≥ –±–∞–±–æ–∫ —á–∞—Å—Ç–æ –∞—Å—Å–æ—Ü–∏–∏—Ä—É–µ—Ç—Å—è —Å –æ–ø—Ä–µ–¥–µ–ª—ë–Ω–Ω—ã–º–∏ –∂–∞–Ω—Ä–∞–º–∏ –∏–≥—Ä, —Ç–∞–∫–∏–º–∏ –∫–∞–∫ —Ä–æ–ª–µ–≤—ã–µ –∏–≥—Ä—ã (RPG), —ç–∫—à–Ω-–∏–≥—Ä—ã –∏ —Å–∏–º—É–ª—è—Ç–æ—Ä—ã. –û–¥–Ω–∞–∫–æ —Å—Ç–æ–∏—Ç –æ—Ç–º–µ—Ç–∏—Ç—å, —á—Ç–æ –Ω–µ –≤—Å–µ –∏–≥—Ä–æ–∫–∏ –ø–æ–ª–æ–∂–∏—Ç–µ–ª—å–Ω–æ –æ—Ç–Ω–æ—Å—è—Ç—Å—è –∫"
414198461,2025-04-20T11:22:05.416333,user_message,–ö–∞–∫ –ø—Ä–∞–≤–∏–ª—å–Ω–æ –Ω–∞—Å—Ç—Ä–æ–∏—Ç—å tmux
414198461,2025-04-20T11:22:08.707565,gpt_reply,"Tmux ‚Äî —ç—Ç–æ —Ç–µ—Ä–º–∏–Ω–∞–ª-–º—É–ª—å—Ç–∏–ø–ª–µ–∫—Å–æ—Ä, –∫–æ—Ç–æ—Ä—ã–π –ø–æ–∑–≤–æ–ª—è–µ—Ç —ç—Ñ—Ñ–µ–∫—Ç–∏–≤–Ω–æ –∏—Å–ø–æ–ª—å–∑–æ–≤–∞—Ç—å –ø—Ä–æ—Å—Ç—Ä–∞–Ω—Å—Ç–≤–æ —Ç–µ—Ä–º–∏–Ω–∞–ª–∞, —Å–æ–∑–¥–∞–≤–∞—è –Ω–µ—Å–∫–æ–ª—å–∫–æ –Ω–µ–∑–∞–≤–∏—Å–∏–º—ã—Ö —Å–µ—Å—Å–∏–π –∏ –æ–∫–æ–Ω. –í–æ—Ç –ø–æ—à–∞–≥–æ–≤–∞—è –∏–Ω—Å—Ç—Ä—É–∫—Ü–∏—è –ø–æ –Ω–∞—Å—Ç—Ä–æ–π–∫–µ tmux:

1. **–£—Å—Ç–∞–Ω–æ–≤–∫–∞ tmux:**
   - –ï—Å–ª–∏ tmux –µ—â—ë –Ω–µ —É—Å—Ç–∞–Ω–æ–≤–ª–µ–Ω, —É—Å—Ç–∞–Ω–æ–≤–∏—Ç–µ –µ–≥–æ —Å –ø–æ–º–æ—â—å—é –º–µ–Ω–µ–¥–∂–µ—Ä–∞ –ø–∞–∫–µ—Ç–æ–≤ –≤–∞—à–µ–≥–æ –¥–∏—Å—Ç—Ä–∏–±—É—Ç–∏–≤–∞. –ù–∞–ø—Ä–∏–º–µ—Ä, –¥–ª—è Ubuntu –∏–ª–∏ Debian:
     ```bash
     sudo apt-get install tmux
     ```

2. **–ò–Ω–∏—Ü–∏–∞–ª–∏–∑–∞—Ü–∏—è tmux:**
   - –ü—Ä–∏ –ø–µ—Ä–≤–æ–º –∑–∞–ø—É—Å–∫–µ tmux —Å–æ–∑–¥–∞—Å—Ç —Ñ–∞–π–ª –∫–æ–Ω—Ñ–∏–≥—É—Ä–∞—Ü–∏–∏. –í—ã –º–æ–∂–µ—Ç–µ –Ω–∞—Å—Ç—Ä–æ–∏—Ç—å –µ–≥–æ –≤ —Å–æ–æ—Ç–≤–µ—Ç—Å—Ç–≤–∏–∏ —Å –≤–∞—à–∏–º–∏ –ø—Ä–µ–¥–ø–æ—á—Ç–µ–Ω–∏—è–º–∏.

3. **–ù–∞—Å—Ç—Ä–æ–π–∫–∞ —Ü–≤–µ—Ç–æ–≤–æ–π —Å—Ö–µ–º—ã:**
   - –í—ã –º–æ–∂–µ—Ç–µ –∏–∑–º–µ–Ω–∏—Ç—å —Ü–≤–µ—Ç–æ–≤—É—é —Å—Ö–µ–º—É tmux, –¥–æ–±–∞–≤–∏–≤ —Å–ª–µ–¥—É—é—â—É—é —Å—Ç—Ä–æ–∫—É –≤ –≤–∞—à —Ñ–∞–π–ª –∫–æ–Ω—Ñ–∏–≥—É—Ä–∞—Ü–∏–∏:
     ```bash
     set -g default-terminal ""xterm-256color""
     ```
   - –≠—Ç–æ —É—Å—Ç–∞–Ω–æ–≤–∏—Ç 256-—Ü–≤–µ—Ç–Ω—É—é —Ü–≤–µ—Ç–æ–≤—É—é —Å—Ö–µ–º—É –ø–æ —É–º–æ–ª—á–∞–Ω–∏—é. –í—ã –º–æ–∂–µ—Ç–µ –≤—ã–±—Ä–∞—Ç—å –¥—Ä—É–≥—É—é —Ü–≤–µ—Ç–æ–≤—É—é"
414198461,2025-04-20T11:31:08.206797,user_message,–ü–æ—á–µ–º—É —Å–ª–æ–≤–æ Tmux –ø–æ—Ö–æ–∂–µ –Ω–∞ Linux?
414198461,2025-04-20T11:31:10.998986,gpt_reply,"–°–ª–æ–≤–æ ¬´tmux¬ª –Ω–µ –ø–æ—Ö–æ–∂–µ –Ω–∞ ¬´Linux¬ª, —ç—Ç–æ –¥–≤–∞ —Ä–∞–∑–Ω—ã—Ö –ø–æ–Ω—è—Ç–∏—è.

**Tmux** ‚Äî —ç—Ç–æ –ø—Ä–æ–≥—Ä–∞–º–º–∞ –¥–ª—è —É–ø—Ä–∞–≤–ª–µ–Ω–∏—è –Ω–µ—Å–∫–æ–ª—å–∫–∏–º–∏ —Ç–µ—Ä–º–∏–Ω–∞–ª–∞–º–∏ –æ–¥–Ω–æ–≤—Ä–µ–º–µ–Ω–Ω–æ –≤ —Ç–µ–∫—Å—Ç–æ–≤–æ–º —Ä–µ–∂–∏–º–µ. –û–Ω–∞ –ø–æ–∑–≤–æ–ª—è–µ—Ç —Å–æ–∑–¥–∞–≤–∞—Ç—å –∏ —É–ø—Ä–∞–≤–ª—è—Ç—å –≤–∫–ª–∞–¥–∫–∞–º–∏, —Å–µ–∞–Ω—Å–∞–º–∏ –∏ –æ–∫–Ω–∞–º–∏, –∞ —Ç–∞–∫–∂–µ –ø—Ä–µ–¥–æ—Å—Ç–∞–≤–ª—è–µ—Ç –≤–æ–∑–º–æ–∂–Ω–æ—Å—Ç–∏ –º—É–ª—å—Ç–∏–ø–ª–µ–∫—Å–∏—Ä–æ–≤–∞–Ω–∏—è –∏ –ø–µ—Ä–µ–Ω–∞–ø—Ä–∞–≤–ª–µ–Ω–∏—è —Ç–µ—Ä–º–∏–Ω–∞–ª–æ–≤.

**Linux** ‚Äî —ç—Ç–æ –æ–ø–µ—Ä–∞—Ü–∏–æ–Ω–Ω–∞—è —Å–∏—Å—Ç–µ–º–∞ —Å –æ—Ç–∫—Ä—ã—Ç—ã–º –∏—Å—Ö–æ–¥–Ω—ã–º –∫–æ–¥–æ–º, –æ—Å–Ω–æ–≤–∞–Ω–Ω–∞—è –Ω–∞ –ø—Ä–∏–Ω—Ü–∏–ø–∞—Ö —Å–≤–æ–±–æ–¥—ã –∏ —Å–æ—Ç—Ä—É–¥–Ω–∏—á–µ—Å—Ç–≤–∞. –û–Ω–∞ —Ä–∞–∑—Ä–∞–±–æ—Ç–∞–Ω–∞ –≤ —Å–æ–æ—Ç–≤–µ—Ç—Å—Ç–≤–∏–∏ —Å –º–æ–¥–µ–ª—å—é —è–¥—Ä–∞ Linux, –≥–¥–µ –æ—Å–Ω–æ–≤–Ω–∞—è —á–∞—Å—Ç—å —Å–∏—Å—Ç–µ–º—ã —Ä–∞–±–æ—Ç–∞–µ—Ç –≤ –ø—Ä–∏–≤–∏–ª–µ–≥–∏—Ä–æ–≤–∞–Ω–Ω–æ–º —Ä–µ–∂–∏–º–µ, –∞ –ø—Ä–∏–ª–æ–∂–µ–Ω–∏—è –≤—ã–ø–æ–ª–Ω—è—é—Ç—Å—è –≤ –ø–æ–ª—å–∑–æ–≤–∞—Ç–µ–ª—å—Å–∫–æ–º –ø—Ä–æ—Å—Ç—Ä–∞–Ω—Å—Ç–≤–µ.

–¢–∞–∫–∏–º –æ–±—Ä–∞–∑–æ–º, –ø—Ä—è–º–æ–≥–æ —Å—Ö–æ–¥—Å—Ç–≤–∞ –º–µ–∂–¥—É —ç—Ç–∏–º–∏ –¥–≤—É–º—è –ø–æ–Ω—è—Ç–∏—è–º–∏ –Ω–µ—Ç. –í–æ–∑–º–æ–∂–Ω–æ, –≤–æ–ø—Ä–æ—Å —Å–≤—è–∑–∞–Ω —Å —Ç–µ–º, —á—Ç–æ Tmux —è–≤–ª—è–µ—Ç—Å—è –∏–Ω—Å—Ç—Ä—É–º–µ–Ω—Ç–æ–º, –∫–æ—Ç–æ—Ä—ã–π –º–æ–∂–µ—Ç –∏—Å–ø–æ–ª—å–∑–æ–≤–∞—Ç—å—Å—è –≤ —Å—Ä–µ–¥–µ Linux, –∫–∞–∫ –∏ –º–Ω–æ–≥–∏–µ –¥—Ä—É–≥–∏–µ –ø—Ä–æ–≥—Ä–∞–º–º—ã."
414198461,2025-04-20T11:40:20.926221,user_message,–†–∞–±–æ—Ç–∞–µ—à—å?
414198461,2025-04-20T11:40:21.215781,gpt_reply,"–î–∞, —è —Ä–∞–±–æ—Ç–∞—é. –ß–µ–º –º–æ–≥—É –ø–æ–º–æ—á—å?"
414198461,2025-04-20T11:40:25.731468,user_message,–ü—Ä–µ–∫—Ä–∞—Å–Ω–æ
414198461,2025-04-20T11:40:25.991858,gpt_reply,–ß–µ–º –º–æ–≥—É –ø–æ–º–æ—á—å?
414198461,2025-04-20T12:40:30.604695,user_message,–¢—ã –∂–∏–≤–æ–π?
414198461,2025-04-20T12:40:31.102786,gpt_reply,"–ù–µ—Ç, —è ‚Äî –º–æ–¥–µ–ª—å –∏—Å–∫—É—Å—Å—Ç–≤–µ–Ω–Ω–æ–≥–æ –∏–Ω—Ç–µ–ª–ª–µ–∫—Ç–∞, —Å–æ–∑–¥–∞–Ω–Ω–∞—è –¥–ª—è –æ–±—Ä–∞–±–æ—Ç–∫–∏ —Ç–µ–∫—Å—Ç–æ–≤—ã—Ö –∑–∞–ø—Ä–æ—Å–æ–≤ –∏ –ø—Ä–µ–¥–æ—Å—Ç–∞–≤–ª–µ–Ω–∏—è –∏–Ω—Ñ–æ—Ä–º–∞—Ü–∏–∏."
414198461,2025-04-20T12:40:39.115007,user_message,–°–ø–∞—Å–∏–±–æ –∑–∞ —á–µ—Å—Ç–Ω–æ—Å—Ç—å
414198461,2025-04-20T12:40:39.454563,gpt_reply,"–ü–æ–∂–∞–ª—É–π—Å—Ç–∞! –†–∞–¥–∞ –±—ã–ª–∞ –ø–æ–º–æ—á—å. –ï—Å–ª–∏ —É –≤–∞—Å –µ—Å—Ç—å –µ—â—ë –≤–æ–ø—Ä–æ—Å—ã, –æ–±—Ä–∞—â–∞–π—Ç–µ—Å—å!"
249965389,2025-04-20T12:50:44.543266,start,
249965389,2025-04-20T12:51:06.443247,user_message,–ü–æ–¥—Å–∫–∞–∂–∏ —Ä–µ—Ü–µ–ø—Ç –≤–∫—É—Å–Ω—ã—Ö —Ç–µ—Ñ—Ç–µ–ª—å
249965389,2025-04-20T12:51:09.872186,gpt_reply,"**–ò–Ω–≥—Ä–µ–¥–∏–µ–Ω—Ç—ã:**

* 500 –≥ —Ñ–∞—Ä—à–∞ (–º–æ–∂–Ω–æ –∏—Å–ø–æ–ª—å–∑–æ–≤–∞—Ç—å —Å–º–µ—Å—å –≥–æ–≤—è–¥–∏–Ω—ã –∏ —Å–≤–∏–Ω–∏–Ω—ã);
* 1 –ª—É–∫–æ–≤–∏—Ü–∞;
* 1 —è–π—Ü–æ;
* 2‚Äì3 —Å—Ç. –ª. –ø–∞–Ω–∏—Ä–æ–≤–æ—á–Ω—ã—Ö —Å—É—Ö–∞—Ä–µ–π;
* —Å–æ–ª—å, –ø–µ—Ä–µ—Ü ‚Äî –ø–æ –≤–∫—É—Å—É;
* —Ä–∞—Å—Ç–∏—Ç–µ–ª—å–Ω–æ–µ –º–∞—Å–ª–æ –¥–ª—è –∂–∞—Ä–∫–∏;
* 2‚Äì3 —Å—Ç. –ª. —Ç–æ–º–∞—Ç–Ω–æ–π –ø–∞—Å—Ç—ã –∏–ª–∏ —Å–æ—É—Å–∞;
* 1 —Å—Ç–∞–∫–∞–Ω –≤–æ–¥—ã –∏–ª–∏ –±—É–ª—å–æ–Ω–∞;
* —Å–ø–µ—Ü–∏–∏ –ø–æ –≤–∫—É—Å—É (–Ω–∞–ø—Ä–∏–º–µ—Ä, –ª–∞–≤—Ä–æ–≤—ã–π –ª–∏—Å—Ç, –¥—É—à–∏—Å—Ç—ã–π –ø–µ—Ä–µ—Ü).

**–ü—Ä–∏–≥–æ—Ç–æ–≤–ª–µ–Ω–∏–µ:**

1. –õ—É–∫ –æ—á–∏—Å—Ç–∏—Ç–µ –∏ –º–µ–ª–∫–æ –Ω–∞—Ä–µ–∂—å—Ç–µ.
2. –í –º–∏—Å–∫–µ —Å–º–µ—à–∞–π—Ç–µ —Ñ–∞—Ä—à, –ª—É–∫, —è–π—Ü–æ, –ø–∞–Ω–∏—Ä–æ–≤–æ—á–Ω—ã–µ —Å—É—Ö–∞—Ä–∏, —Å–æ–ª—å –∏ –ø–µ—Ä–µ—Ü. –•–æ—Ä–æ—à–æ –ø–µ—Ä–µ–º–µ—à–∞–π—Ç–µ –¥–æ –æ–¥–Ω–æ—Ä–æ–¥–Ω–æ–π –º–∞—Å—Å—ã.
3. –°—Ñ–æ—Ä–º–∏—Ä—É–π—Ç–µ –∏–∑ —Ñ–∞—Ä—à–∞ –Ω–µ–±–æ–ª—å—à–∏–µ —Ç–µ—Ñ—Ç–µ–ª–∏.
4. –ù–∞ —Å–∫–æ–≤–æ—Ä–æ–¥–µ —Ä–∞–∑–æ–≥—Ä–µ–π—Ç–µ —Ä–∞—Å—Ç–∏—Ç–µ–ª—å–Ω–æ–µ –º–∞—Å–ª–æ –∏ –æ–±–∂–∞—Ä—å—Ç–µ —Ç–µ—Ñ—Ç–µ–ª–∏ —Å –¥–≤—É—Ö —Å—Ç–æ—Ä–æ–Ω –¥–æ –∑–æ–ª–æ—Ç–∏—Å—Ç–æ–π –∫–æ—Ä–æ—á–∫–∏.
5. –ü–µ—Ä–µ–ª–æ–∂–∏—Ç–µ —Ç–µ—Ñ—Ç–µ–ª–∏ –≤ –∫–∞—Å—Ç—Ä—é–ª—é –∏–ª–∏ –≥–ª—É–±–æ–∫—É—é —Å–∫–æ–≤–æ—Ä–æ–¥—É.
"
414198461,2025-04-20T14:07:10.729676,user_message,–ö—É-–∫—É
414198461,2025-04-20T14:07:11.017893,gpt_reply,–ó–¥—Ä–∞–≤—Å—Ç–≤—É–π—Ç–µ! –ß–µ–º –º–æ–≥—É –ø–æ–º–æ—á—å?
414198461,2025-04-20T14:29:00.082350,user_message,–ü–æ–¥—Å–∫–∞–∂–∏ —Ä–µ—Ü–µ–ø—Ç –≤–∫—É—Å–Ω—ã—Ö —Ç–µ—Ñ—Ç–µ–ª—å
414198461,2025-04-20T14:29:03.537554,gpt_reply,"**–¢–µ—Ñ—Ç–µ–ª–∏ –≤ —Ç–æ–º–∞—Ç–Ω–æ–º —Å–æ—É—Å–µ**

**–ò–Ω–≥—Ä–µ–¥–∏–µ–Ω—Ç—ã:**

* 500 –≥ —Ñ–∞—Ä—à–∞ (–º–æ–∂–Ω–æ –∏—Å–ø–æ–ª—å–∑–æ–≤–∞—Ç—å —Å–º–µ—Å—å –≥–æ–≤—è–¥–∏–Ω—ã –∏ —Å–≤–∏–Ω–∏–Ω—ã);
* 1 –ª—É–∫–æ–≤–∏—Ü–∞;
* 1 —è–π—Ü–æ;
* 2 —Å—Ç. –ª. –ø–∞–Ω–∏—Ä–æ–≤–æ—á–Ω—ã—Ö —Å—É—Ö–∞—Ä–µ–π;
* —Å–æ–ª—å, –ø–µ—Ä–µ—Ü ‚Äî –ø–æ –≤–∫—É—Å—É;
* —Ä–∞—Å—Ç–∏—Ç–µ–ª—å–Ω–æ–µ –º–∞—Å–ª–æ –¥–ª—è –∂–∞—Ä–∫–∏;
* 500 –º–ª —Ç–æ–º–∞—Ç–Ω–æ–≥–æ —Å–æ–∫–∞ –∏–ª–∏ –ø–∞—Å—Å–∞—Ç—ã (–∫–æ–Ω—Å–µ—Ä–≤–∏—Ä–æ–≤–∞–Ω–Ω—ã–µ –ø–æ–º–∏–¥–æ—Ä—ã –±–µ–∑ –∫–æ–∂–∏—Ü—ã).

**–ü—Ä–∏–≥–æ—Ç–æ–≤–ª–µ–Ω–∏–µ:**

1. –õ—É–∫ –æ—á–∏—Å—Ç–∏—Ç–µ –∏ –º–µ–ª–∫–æ –Ω–∞—Ä–µ–∂—å—Ç–µ.
2. –í –º–∏—Å–∫–µ —Å–º–µ—à–∞–π—Ç–µ —Ñ–∞—Ä—à, –ª—É–∫, —è–π—Ü–æ, –ø–∞–Ω–∏—Ä–æ–≤–æ—á–Ω—ã–µ —Å—É—Ö–∞—Ä–∏, —Å–æ–ª—å –∏ –ø–µ—Ä–µ—Ü. –•–æ—Ä–æ—à–æ –ø–µ—Ä–µ–º–µ—à–∞–π—Ç–µ –¥–æ –æ–¥–Ω–æ—Ä–æ–¥–Ω–æ–π –º–∞—Å—Å—ã.
3. –°—Ñ–æ—Ä–º–∏—Ä—É–π—Ç–µ –∏–∑ —Ñ–∞—Ä—à–∞ –Ω–µ–±–æ–ª—å—à–∏–µ —à–∞—Ä–∏–∫–∏ –∏ –æ–±–∂–∞—Ä—å—Ç–µ –∏—Ö –Ω–∞ —Ä–∞—Å—Ç–∏—Ç–µ–ª—å–Ω–æ–º –º–∞—Å–ª–µ –¥–æ –∑–æ–ª–æ—Ç–∏—Å—Ç–æ–π –∫–æ—Ä–æ—á–∫–∏.
4. –ü–µ—Ä–µ–ª–æ–∂–∏—Ç–µ —Ç–µ—Ñ—Ç–µ–ª–∏ –≤ –∫–∞—Å—Ç—Ä—é–ª—é –∏–ª–∏ –≥–ª—É–±–æ–∫—É—é —Å–∫–æ–≤–æ—Ä–æ–¥—É.
5. –¢–æ–º–∞—Ç–Ω—ã–π —Å–æ–∫ –∏–ª–∏ –ø–∞—Å—Å–∞—Ç—É –¥–æ–≤–µ–¥–∏—Ç–µ –¥–æ –∫–∏–ø–µ–Ω–∏—è –∏ –∑–∞–ª–µ–π—Ç–µ –∏–º —Ç–µ—Ñ—Ç–µ–ª–∏.
6."
851056053,2025-04-20T15:13:40.562413,start,
851056053,2025-04-20T15:13:59.886996,user_message,–ö–∞–∫–∞—è —Å—Ä–µ–¥–Ω—è—è —Ç–µ–º–ø–µ—Ä–∞—Ç—É—Ä–∞ –≤ –ò—Å–ª–∞–Ω–¥–∏–∏?
851056053,2025-04-20T15:14:02.324048,gpt_reply,"–°—Ä–µ–¥–Ω—è—è —Ç–µ–º–ø–µ—Ä–∞—Ç—É—Ä–∞ –≤ –ò—Å–ª–∞–Ω–¥–∏–∏ –∑–∞–≤–∏—Å–∏—Ç –æ—Ç –≤—Ä–µ–º–µ–Ω–∏ –≥–æ–¥–∞.

**–õ–µ—Ç–æ–º** (–≤ –∏—é–ª–µ –∏ –∞–≤–≥—É—Å—Ç–µ) —Å—Ä–µ–¥–Ω—è—è —Ç–µ–º–ø–µ—Ä–∞—Ç—É—Ä–∞ —Å–æ—Å—Ç–∞–≤–ª—è–µ—Ç –æ–∫–æ–ª–æ +10 ¬∞C –Ω–∞ —é–≥–µ –∏ –æ–∫–æ–ª–æ +7 ¬∞C –Ω–∞ —Å–µ–≤–µ—Ä–µ —Å—Ç—Ä–∞–Ω—ã.

**–ó–∏–º–æ–π** (–≤ —è–Ω–≤–∞—Ä–µ –∏ —Ñ–µ–≤—Ä–∞–ª–µ) —Å—Ä–µ–¥–Ω—è—è —Ç–µ–º–ø–µ—Ä–∞—Ç—É—Ä–∞ –Ω–∞ —é–≥–µ —Å—Ç—Ä–∞–Ω—ã —Å–æ—Å—Ç–∞–≤–ª—è–µ—Ç –æ–∫–æ–ª–æ 0 ¬∞C, –∞ –Ω–∞ —Å–µ–≤–µ—Ä–µ ‚Äî –æ–∫–æ–ª–æ ‚àí5 ¬∞C.

–û–¥–Ω–∞–∫–æ —Å—Ç–æ–∏—Ç —É—á–µ—Å—Ç—å, —á—Ç–æ –ø–æ–≥–æ–¥–∞ –≤ –ò—Å–ª–∞–Ω–¥–∏–∏ –º–æ–∂–µ—Ç –±—ã—Ç—å –æ—á–µ–Ω—å –ø–µ—Ä–µ–º–µ–Ω—á–∏–≤–æ–π, –∏ —Ç–µ–º–ø–µ—Ä–∞—Ç—É—Ä–∞ –º–æ–∂–µ—Ç –∑–Ω–∞—á–∏—Ç–µ–ª—å–Ω–æ –æ—Ç–ª–∏—á–∞—Ç—å—Å—è –æ—Ç —Å—Ä–µ–¥–Ω–∏—Ö –∑–Ω–∞—á–µ–Ω–∏–π."
851056053,2025-04-20T15:14:41.952720,user_message,What‚Äôs the most visited country in Europe in 2024?
851056053,2025-04-20T15:14:44.495989,gpt_reply,"As of my knowledge cutoff date, I don't have real-time information about the most visited country in Europe for 2024. However, based on previous trends and tourism statistics, some of the most popular countries in Europe are likely to remain popular in 2024:

1. France.
2. Spain.
3. Italy.
4. Germany.
5. Great Britain (including England, Scotland, Wales, and Northern Ireland).

To get the most up-to-date information, you can refer to official tourism websites, travel agencies, or consult recent reports on tourism statistics."
851056053,2025-04-20T15:15:17.492444,user_message,Tell me more about touristic destinations in Spain
851056053,2025-04-20T15:15:20.828610,gpt_reply,"Spain is a popular tourist destination known for its rich history, vibrant culture, stunning landscapes, and diverse climate. Here are some of the most popular touristic destinations in Spain:

1. **Barcelona** ‚Äî this vibrant city is famous for its architecture, particularly Antoni Gaud√≠'s works like Sagrada Fam√≠lia and Park G√ºell. Barcelona also boasts world-class museums, beaches, and a lively nightlife scene.

2. **Madrid** ‚Äî Spain's capital city offers a unique blend of historical and modern attractions. The Royal Palace, Prado Museum, and Thyssen-Bornemisza Museum are must-visit places. Madrid is also known for its tapas culture and vibrant nightlife.

3. **Seville** ‚Äî this Andalusian city is renowned for its stunning architecture, especially the Cathedral of Seville and the Alc√°zar palace. The city also hosts the renowned Flamenco culture and is known for its vibrant markets"
851056053,2025-04-20T15:19:00.081313,user_message,"–†–µ—à–∏ –∑–∞–¥–∞—á—É: –ü–æ—Å–ª–µ —Å–æ—Ä–µ–≤–Ω–æ–≤–∞–Ω–∏–π –ø–æ –±–∏–∞—Ç–ª–æ–Ω—É –ø—Ä–∏–∑–æ–≤–æ–π —Ñ–æ–Ω–¥ –≤ —Ä–∞–∑–º–µ—Ä–µ —á–µ—Ç—ã—Ä—ë—Ö—Å–æ—Ç –≤–æ—Å—å–º–∏–¥–µ—Å—è—Ç–∏ —Ç—ã—Å—è—á —Ä—É–±–ª–µ–π —Ä–∞—Å–ø—Ä–µ–¥–µ–ª–∏–ª–∏ –º–µ–∂–¥—É —Å–ø–æ—Ä—Ç—Å–º–µ–Ω–∞–º–∏, –∑–∞–Ω—è–≤—à–∏–º–∏ –ø–µ—Ä–≤–æ–µ, –≤—Ç–æ—Ä–æ–µ –∏ —Ç—Ä–µ—Ç—å–µ –º–µ—Å—Ç–∞, –≤ –æ—Ç–Ω–æ—à–µ–Ω–∏–∏ –ø—è—Ç—å –∫ –¥–≤—É–º –∫ –æ–¥–Ω–æ–º—É. –û–ø—Ä–µ–¥–µ–ª–∏, –∫–∞–∫—É—é —Å—É–º–º—É –ø–æ–ª—É—á–∏–ª –∫–∞–∂–¥—ã–π –ø—Ä–∏–∑—ë—Ä."
851056053,2025-04-20T15:19:03.469696,gpt_reply,"1. –ù–∞–π–¥—ë–º –æ–±—â–µ–µ –∫–æ–ª–∏—á–µ—Å—Ç–≤–æ —á–∞—Å—Ç–µ–π, –Ω–∞ –∫–æ—Ç–æ—Ä—ã–µ —Ä–∞—Å–ø—Ä–µ–¥–µ–ª–∏–ª–∏ –ø—Ä–∏–∑–æ–≤–æ–π —Ñ–æ–Ω–¥:
   5 (—á–∞—Å—Ç–µ–π) + 2 (—á–∞—Å—Ç–∏) + 1 (—á–∞—Å—Ç—å) = 8 (—á–∞—Å—Ç–µ–π).

2. –£–∑–Ω–∞–µ–º, –∫–∞–∫—É—é —Å—É–º–º—É —Å–æ—Å—Ç–∞–≤–ª—è–µ—Ç –æ–¥–Ω–∞ —á–∞—Å—Ç—å:
   480 000 (—Ä—É–±–ª–µ–π) / 8 (—á–∞—Å—Ç–µ–π) = 60 000 (—Ä—É–±–ª–µ–π).

3. –û–ø—Ä–µ–¥–µ–ª–∏–º, –∫–∞–∫—É—é —Å—É–º–º—É –ø–æ–ª—É—á–∏–ª –ø—Ä–∏–∑—ë—Ä, –∑–∞–Ω—è–≤—à–∏–π –ø–µ—Ä–≤–æ–µ –º–µ—Å—Ç–æ:
   60 000 (—Ä—É–±–ª–µ–π) * 5 (—á–∞—Å—Ç–µ–π) = 300 000 (—Ä—É–±–ª–µ–π).

4. –í—ã—á–∏—Å–ª–∏–º, –∫–∞–∫—É—é —Å—É–º–º—É –ø–æ–ª—É—á–∏–ª –ø—Ä–∏–∑—ë—Ä, –∑–∞–Ω—è–≤—à–∏–π –≤—Ç–æ—Ä–æ–µ –º–µ—Å—Ç–æ:
   60 000 (—Ä—É–±–ª–µ–π) * 2 (—á–∞—Å—Ç–∏) = 120 000 (—Ä—É–±–ª–µ–π).

5. –£–∑–Ω–∞–µ–º, –∫–∞–∫—É—é —Å—É–º–º—É –ø–æ–ª—É—á–∏–ª –ø—Ä–∏–∑—ë—Ä, –∑–∞–Ω—è–≤—à–∏–π —Ç—Ä–µ—Ç—å–µ –º–µ—Å—Ç–æ:
"
851056053,2025-04-20T15:19:15.079553,user_message,–ú–æ–ª–æ–¥–µ—Ü
851056053,2025-04-20T15:19:15.730291,gpt_reply,–°–ø–∞—Å–∏–±–æ –∑–∞ –∫–æ–º–ø–ª–∏–º–µ–Ω—Ç! –ß–µ–º –º–æ–≥—É –ø–æ–º–æ—á—å?
851056053,2025-04-20T15:19:26.168583,user_message,–ù–∞ –±–∞–∑–µ —á–µ–≥–æ —Ç—ã —Ä–∞–±–æ—Ç–∞ –µ—à—å?
851056053,2025-04-20T15:19:26.818945,gpt_reply,"–Ø ‚Äî –º–æ–¥–µ–ª—å –∏—Å–∫—É—Å—Å—Ç–≤–µ–Ω–Ω–æ–≥–æ –∏–Ω—Ç–µ–ª–ª–µ–∫—Ç–∞, —Å–æ–∑–¥–∞–Ω–Ω–∞—è –¥–ª—è –æ–±—Ä–∞–±–æ—Ç–∫–∏ —Ç–µ–∫—Å—Ç–æ–≤—ã—Ö –∑–∞–ø—Ä–æ—Å–æ–≤ –∏ –ø—Ä–µ–¥–æ—Å—Ç–∞–≤–ª–µ–Ω–∏—è –∏–Ω—Ñ–æ—Ä–º–∞—Ü–∏–∏. –ú–æ—è —Ä–∞–±–æ—Ç–∞ –æ—Å–Ω–æ–≤–∞–Ω–∞ –Ω–∞ –∞–ª–≥–æ—Ä–∏—Ç–º–∞—Ö –º–∞—à–∏–Ω–Ω–æ–≥–æ –æ–±—É—á–µ–Ω–∏—è –∏ –±–æ–ª—å—à–∏—Ö –æ–±—ä—ë–º–∞—Ö —Ç–µ–∫—Å—Ç–æ–≤—ã—Ö –¥–∞–Ω–Ω—ã—Ö, –∫–æ—Ç–æ—Ä—ã–µ –±—ã–ª–∏ –∏—Å–ø–æ–ª—å–∑–æ–≤–∞–Ω—ã –¥–ª—è –º–æ–µ–≥–æ –æ–±—É—á–µ–Ω–∏—è."
